path,difficulty,file,challenge_n,challenge_id,qreg,file_bytes,gate_count,op_rx,op_rz,op_cx,op_swap,op_set,oneq_count,entangling_count,first_entangling_gate_index,last_entangling_gate_index,leading_oneq_gate_count,trailing_oneq_gate_count,leading_oneq_unique_qubits,trailing_oneq_unique_qubits,leading_oneq_per_qubit_min,leading_oneq_per_qubit_max,trailing_oneq_per_qubit_min,trailing_oneq_per_qubit_max,layer_count_greedy,first_entangling_layer_greedy,last_entangling_layer_greedy,leading_oneq_layers_greedy,trailing_oneq_layers_greedy,unique_undirected_entangling_pairs,unique_directed_entangling_pairs,repeated_undirected_pairs,max_pair_repetitions,mean_pair_repetitions,median_pair_repetitions,graph_density,component_count,largest_component,degree_min,degree_max,degree_mean,weighted_degree_min,weighted_degree_max,weighted_degree_mean,reciprocal_undirected_pairs,adjacent_pair_fraction,mean_pair_distance,max_pair_distance,qubits_touched_by_entangling,qubits_touched_by_cx,qubits_touched_by_swap,oneq_per_qubit_min,oneq_per_qubit_max,rx_per_qubit_min,rx_per_qubit_max,rz_per_qubit_min,rz_per_qubit_max,symbolic_pi_angles,numeric_fractionish_angles,noisy_non_fraction_angles,angle_noise_error_median,angle_noise_error_max,swap_position_fractions,top_pairs,top_swap_pairs,first_20_ops,last_20_ops
challenges/very easy/challenge-8_1.qasm,very easy,challenge-8_1.qasm,8,1,8,1138,46,17,14,14,1,"cx,rx,rz,swap",31,15,2,45,1,1,1,1,0,1,0,1,37,0,35,0,1,6,9,4,4,2.500000,2.500000,0.21428571,3,4,0,2,1.500000,0,7,3.750000,3,0.33333333,3.000000,5,7,6,2,0,10,0,4,0,6,2,28,1,0.01322229,0.01322229,0.260870,1-2:4;3-7:4;6-7:3;1-5:2;0-5:1;3-6:1,0-5:1,RCRRCRCRRRCSRCRRRCRC,CRRRCRRCRRRCRRRRCRCR
challenges/very easy/challenge-16_2.qasm,very easy,challenge-16_2.qasm,16,2,16,6638,308,95,88,124,1,"cx,rx,rz,swap",183,125,2,303,1,5,1,4,0,1,0,2,244,0,241,0,2,42,59,33,8,2.976190,2.000000,0.35000000,1,16,1,10,5.250000,2,32,15.625000,17,0.21428571,5.523810,13,16,16,2,1,26,1,12,0,15,45,116,22,0.01444835,0.03020378,0.860390,9-12:8;9-10:7;5-12:7;6-12:7;1-10:7;5-6:5;0-7:5;5-7:5,3-5:1,RCRCRRRRCRRRCRRRRCRR,RRRCRRCCRCRRCRCRRRRR
challenges/very easy/challenge-24_3.qasm,very easy,challenge-24_3.qasm,24,3,24,8257,363,116,116,126,5,"cx,rx,rz,swap",232,131,14,360,13,3,6,3,0,3,0,1,280,8,278,8,1,55,74,38,7,2.381818,2.000000,0.19927536,3,22,0,10,4.583333,0,25,10.916667,19,0.12727273,8.727273,22,22,22,7,1,20,0,10,0,10,50,159,23,0.01515782,0.02936466,0.911846;0.983471;0.986226;0.988981;0.991736,8-10:7;17-18:6;13-18:6;15-21:5;0-1:5;4-5:4;7-12:4;1-15:4,12-14:1;21-22:1;17-21:1;15-21:1;0-15:1,RRRRRRRRRRRRRCRRRRRC,CCRCRCCCRRRCRSSSSRRR
challenges/very easy/challenge-28_4.qasm,very easy,challenge-28_4.qasm,28,4,28,32323,1220,417,525,278,0,"cx,rx,rz",942,278,69,1215,68,5,26,2,0,3,0,3,329,2,325,2,3,127,144,113,6,2.188976,2.000000,0.33597884,1,28,5,14,9.071429,10,35,19.857143,17,0.05511811,10.141732,26,28,28,0,15,61,7,30,8,37,6,842,94,0.01483924,0.02976883,,2-5:6;5-24:6;0-16:5;21-23:4;2-10:4;19-22:4;5-10:4;17-25:4,,RRRRRRRRRRRRRRRRRRRR,CRRRRRRRCRRRRRCRRRRR
challenges/very easy/challenge-32_5.qasm,very easy,challenge-32_5.qasm,32,5,32,16778,773,225,234,307,7,"cx,rx,rz,swap",459,314,1,769,0,4,0,2,0,0,0,3,598,0,595,0,2,106,141,83,8,2.962264,2.000000,0.21370968,1,32,1,15,6.625000,2,40,19.625000,35,0.07547170,11.339623,30,32,32,11,1,31,1,16,0,18,126,310,23,0.01617163,0.02693177,0.965071;0.966365;0.968952;0.976714;0.981889;0.993532;0.994825,2-13:8;0-8:8;5-29:8;0-13:7;0-15:7;26-30:7;0-7:7;18-27:6,28-30:1;8-30:1;26-28:1;2-13:1;5-29:1;9-31:1;1-31:1,CRRCRRRRRRRRRRRRRCRC,CSRRRSRRRRRCRCSSRRRR
challenges/very easy/challenge-36_6.qasm,very easy,challenge-36_6.qasm,36,6,36,11304,426,146,186,94,0,"cx,rx,rz",332,94,53,417,52,9,31,4,0,2,0,3,140,1,137,1,2,45,47,43,4,2.088889,2.000000,0.07142857,7,30,0,7,2.500000,0,16,5.222222,2,0.00000000,14.200000,30,30,30,0,0,26,0,11,0,16,8,293,31,0.01651776,0.03107078,,5-15:4;0-23:4;3-33:3;10-33:3;6-29:2;2-19:2;24-26:2;15-33:2,,RRRRRRRRRRRRRRRRRRRR,RRRRRRRCRRCRRRRRRRRR
challenges/very easy/challenge-40_7.qasm,very easy,challenge-40_7.qasm,40,7,40,5090,211,85,67,59,0,"cx,rx,rz",152,59,16,210,15,1,7,1,0,3,0,1,151,9,149,9,1,27,35,20,5,2.185185,2.000000,0.03461538,23,9,0,5,1.350000,0,11,2.950000,8,0.03703704,11.851852,29,21,21,0,0,11,0,6,0,5,30,104,18,0.01479979,0.02375730,,2-25:5;10-25:4;13-30:4;7-16:3;26-37:3;6-22:3;22-24:3;22-27:3,,RRRRRRRRRRRRRRRCRRRR,CCCCRRCRRCRRCCRCCRCR
challenges/very easy/challenge-48_8.qasm,very easy,challenge-48_8.qasm,48,8,48,5116,227,80,63,84,0,"cx,rx,rz",143,84,11,226,10,1,8,1,0,3,0,1,161,2,160,2,0,33,44,29,6,2.545455,2.000000,0.02925532,22,23,0,5,1.375000,0,17,3.500000,11,0.03030303,16.181818,40,30,30,0,0,14,0,7,0,7,37,84,22,0.01540886,0.03021097,,2-42:6;31-43:6;2-31:5;14-33:4;14-15:4;31-42:4;3-17:3;15-18:3,,RRRRRRRRRRCCCRRRCRCR,RRCRRRCCRCRRRRRCRRCR
challenges/very easy/challenge-56_9.qasm,very easy,challenge-56_9.qasm,56,9,56,7318,317,111,106,94,6,"cx,rx,rz,swap",217,100,14,314,13,3,9,2,0,3,0,2,229,5,226,5,2,38,54,34,7,2.631579,2.000000,0.02467532,29,19,0,7,1.357143,0,23,3.571429,16,0.02631579,21.789474,55,33,32,10,0,26,0,11,0,15,57,145,15,0.02452681,0.03054237,0.400631;0.558360;0.687697;0.690852;0.987382;0.990536,12-29:7;0-17:5;17-55:5;8-23:4;23-29:4;7-49:4;0-1:4;1-17:4,7-49:1;38-54:1;12-23:1;8-23:1;17-55:1;1-17:1,RRRRRRRRRRRRRCCRRRRR,CCRCRCRRCRRCRRCSSRRR
challenges/very easy/challenge-64_10.qasm,very easy,challenge-64_10.qasm,64,10,64,7542,313,120,98,91,4,"cx,rx,rz,swap",218,95,21,311,20,2,14,2,0,2,0,1,224,6,222,6,1,39,52,33,6,2.435897,2.000000,0.01934524,34,13,0,6,1.218750,0,11,2.968750,13,0.00000000,25.461538,49,37,36,6,0,14,0,6,0,9,39,153,26,0.01728742,0.03122342,0.664537;0.987220;0.990415;0.993610,57-62:6;37-56:5;9-22:4;0-27:4;12-29:4;5-44:4;28-57:4;38-58:4,7-56:1;57-62:1;47-57:1;4-47:1,RRRRRRRRRRRRRRRRRRRR,CRCRCRRCCRRRCRRSSSRR
challenges/easy/challenge-8_11.qasm,easy,challenge-8_11.qasm,8,11,8,2722,117,37,42,36,2,"cx,rx,rz,swap",79,38,5,115,4,2,3,1,0,2,0,2,95,2,92,2,2,12,15,11,7,3.166667,2.500000,0.42857143,1,8,1,5,3.000000,2,18,9.500000,3,0.16666667,3.333333,7,8,8,3,4,15,2,8,1,8,11,64,4,0.01849168,0.02849438,0.974359;0.982906,3-5:7;5-7:5;0-3:4;3-7:4;4-5:4;2-6:3;0-2:2;1-4:2,5-7:1;0-7:1,RRRRCRRCCRCRRRRCRRRC,RRRRRCRRCRRCRCRRSSRR
challenges/easy/challenge-16_12.qasm,easy,challenge-16_12.qasm,16,12,16,5782,291,65,89,129,8,"cx,rx,rz,swap",154,137,9,289,8,2,4,2,0,3,0,1,224,5,222,5,1,61,85,38,7,2.245902,2.000000,0.50833333,1,16,1,12,7.625000,2,34,17.125000,24,0.09836066,6.032787,14,16,15,10,1,19,1,9,0,12,63,84,7,0.01264233,0.02062747,0.731959;0.941581;0.945017;0.948454;0.951890;0.969072;0.989691;0.993127,2-6:7;3-15:7;1-2:5;14-15:5;0-8:5;6-15:5;1-15:4;12-15:4,10-13:1;12-14:1;9-12:1;2-9:1;8-12:1;6-13:1;3-8:1;1-3:1,RRRRRRRRCRRRCCRRCRCR,CRSSSSRRRCSRRCRRSSRR
challenges/easy/challenge-24_13.qasm,easy,challenge-24_13.qasm,24,13,24,12295,550,176,163,206,5,"cx,rx,rz,swap",339,211,12,549,11,1,6,1,0,2,0,1,437,6,435,6,1,67,98,57,13,3.149254,2.000000,0.24275362,2,23,0,12,5.583333,0,40,17.583333,31,0.07462687,8.940299,23,23,23,8,0,39,0,21,0,19,75,249,15,0.01705243,0.03099811,0.949091;0.950909;0.972727;0.996364;0.998182,2-22:13;7-20:10;13-19:10;1-2:8;0-12:6;15-20:6;12-16:6;8-11:5,10-12:1;0-12:1;4-16:1;6-19:1;1-6:1,RRRRRRRRRRRCRRRCRRRR,CRRRSRCCRCCRCRRRRSSR
challenges/easy/challenge-32_14.qasm,easy,challenge-32_14.qasm,32,14,32,19668,875,243,299,330,3,"cx,rx,rz,swap",542,333,15,874,14,1,6,1,0,3,0,1,691,9,689,9,1,114,155,87,11,2.921053,2.000000,0.22983871,1,32,2,12,7.125000,3,43,20.812500,41,0.03508772,11.219298,30,32,32,5,1,36,1,19,0,19,122,384,36,0.02150526,0.02986724,0.979429;0.990857;0.998857,3-21:11;9-16:10;2-28:8;7-18:8;9-31:8;15-28:7;16-29:7;17-19:6,7-18:1;3-7:1;2-31:1,RRRRRRRRRRRRRRCRRRRC,CSRCRRCRRCCSRRCCRRSR
challenges/easy/challenge-36_15.qasm,easy,challenge-36_15.qasm,36,15,36,46700,1752,617,742,393,0,"cx,rx,rz",1359,393,71,1739,70,13,35,5,0,2,0,3,294,2,290,2,3,177,184,173,5,2.220339,2.000000,0.28095238,1,36,3,16,9.833333,6,36,21.833333,7,0.04519774,12.638418,34,36,36,0,10,67,3,28,7,39,8,1227,124,0.01598185,0.03039617,,25-30:5;4-13:4;16-23:4;4-10:4;12-34:4;18-29:4;12-30:4;31-33:4,,RRRRRRRRRRRRRRRRRRRR,RRRRCRCRRRRRRRRRRRRR
challenges/easy/challenge-40_16.qasm,easy,challenge-40_16.qasm,40,16,40,21924,969,301,302,361,5,"cx,rx,rz,swap",603,366,11,966,10,3,6,2,0,2,0,2,741,5,738,5,2,136,182,107,11,2.691176,2.000000,0.17435897,2,39,0,14,6.800000,0,42,18.300000,46,0.02941176,13.661765,36,39,39,8,1,28,1,15,0,16,133,431,39,0.01599181,0.03065759,0.650155;0.842105;0.931889;0.938080;0.939112,6-22:11;1-26:7;7-26:7;15-22:7;4-24:6;15-28:6;25-30:5;23-32:5,8-24:1;15-18:1;13-18:1;17-36:1;4-36:1,RRRRRRRRRRCRRCRRRRRR,RCRRRCCRRRRRCRCRCRRR
challenges/easy/challenge-40_17.qasm,easy,challenge-40_17.qasm,40,17,40,16211,779,208,233,326,12,"cx,rx,rz,swap",441,338,18,778,17,1,10,1,0,3,0,1,604,8,602,8,1,126,176,85,10,2.682540,2.000000,0.16153846,2,39,0,19,6.300000,0,46,16.900000,50,0.06349206,12.817460,37,39,37,19,0,29,0,11,0,18,172,247,22,0.01657996,0.03074622,0.499358;0.558408;0.771502;0.902439;0.907574;0.908858;0.910141;0.912709;0.935815;0.947368;0.948652;0.983312,18-36:10;13-18:9;8-17:8;8-12:7;28-37:7;27-32:7;12-17:6;22-25:6,3-10:1;14-34:1;26-31:1;6-7:1;35-36:1;5-35:1;1-35:1;23-36:1,RRRRRRRRRRRRRRRRRCRR,RCRRRCSRRRCCRRRCCRCR
challenges/easy/challenge-40_18.qasm,easy,challenge-40_18.qasm,40,18,40,29866,1328,343,469,515,1,"cx,rx,rz,swap",812,516,15,1323,14,5,8,2,0,3,0,3,1019,6,1014,6,4,189,262,149,10,2.730159,2.000000,0.24230769,1,40,3,22,9.450000,6,68,25.800000,73,0.04232804,14.185185,37,40,40,2,5,56,2,23,2,33,187,563,62,0.01530664,0.03042585,0.872741,20-23:10;12-22:9;11-36:9;20-31:9;19-31:8;30-36:7;3-26:7;25-31:6,19-27:1,RRRRRRRRRRRRRRCRRCRC,RCRCRRRCRRRRCRCRRRRR
challenges/easy/challenge-48_19.qasm,easy,challenge-48_19.qasm,48,19,48,19036,901,282,263,356,0,"cx,rx,rz",545,356,13,899,12,2,7,2,0,3,0,1,710,6,708,6,1,123,178,99,7,2.894309,2.000000,0.10904255,3,46,0,10,5.125000,0,33,14.833333,55,0.03252033,14.861789,41,46,46,0,0,27,0,16,0,14,217,299,29,0.01463513,0.02978330,,12-22:7;30-34:7;22-31:6;21-33:6;15-30:6;10-40:6;24-40:6;10-11:6,,RRRRRRRRRRRRCRRRCRCC,CCRRCCCRCRRRRCRRRCRR
challenges/easy/challenge-48_20.qasm,easy,challenge-48_20.qasm,48,20,48,21004,917,270,319,327,1,"cx,rx,rz,swap",589,328,17,910,16,7,7,4,0,3,0,3,730,9,725,9,4,124,167,98,9,2.645161,2.000000,0.10992908,5,44,0,14,5.166667,0,41,13.666667,43,0.04032258,18.177419,46,44,44,2,0,35,0,18,0,17,126,411,52,0.01795077,0.03123503,0.894220,31-40:9;1-26:7;0-21:7;4-13:6;8-45:6;6-42:6;15-21:5;15-37:5,0-21:1,RRRRRRRRRRRRRRRRCRRR,CRRCRRRRCCRRCRRRRRRR
challenges/easy/challenge-48_21.qasm,easy,challenge-48_21.qasm,48,21,48,24221,1103,308,347,444,4,"cx,rx,rz,swap",655,448,4,1101,3,2,3,1,0,1,0,2,861,0,858,0,2,166,228,120,10,2.698795,2.000000,0.14716312,2,47,0,16,6.916667,0,43,18.666667,62,0.04216867,15.759036,42,47,47,5,0,33,0,14,0,20,183,435,37,0.01659273,0.03094187,0.930190;0.931097;0.932004;0.991840,23-25:10;19-27:8;40-45:8;27-32:7;15-41:7;25-39:7;24-25:7;29-39:7,40-45:1;38-45:1;39-40:1;19-38:1,RRRCCRRRRRRRRRRRCRRC,CRRCRRCRRRSCRRRRRCRR
challenges/easy/challenge-56_22.qasm,easy,challenge-56_22.qasm,56,22,56,15297,702,191,212,299,0,"cx,rx,rz",403,299,7,699,6,3,4,2,0,2,0,2,533,2,530,2,2,113,155,80,10,2.646018,2.000000,0.07337662,14,40,0,13,4.035714,0,33,10.678571,42,0.04424779,18.610619,50,45,45,0,0,26,0,12,0,15,114,262,27,0.01408529,0.03039971,,15-48:10;17-34:8;16-17:8;11-20:7;7-25:6;34-43:6;25-38:6;43-47:5,,RRRRRRCRRRRRRRRRRRRR,RCCRRRCRRCRRRRRCCRRR
challenges/easy/challenge-56_23.qasm,easy,challenge-56_23.qasm,56,23,56,36921,1746,540,520,684,2,"cx,rx,rz,swap",1060,686,15,1741,14,5,8,3,0,3,0,3,1377,7,1373,7,3,239,331,189,10,2.870293,2.000000,0.15519481,1,56,2,20,8.535714,3,60,24.500000,92,0.03347280,18.966527,53,56,56,4,3,46,2,22,0,24,420,605,35,0.01554684,0.02895514,0.961054;0.997136,28-43:10;2-41:9;24-28:9;30-43:9;17-44:8;1-30:7;6-11:7;27-32:7,2-28:1;22-47:1,RRRRRRRRRRRRRRCRRRCR,RCCCCRRRRRCCRRSRRRRR
challenges/easy/challenge-56_24.qasm,easy,challenge-56_24.qasm,56,24,56,31739,1418,475,406,536,1,"cx,rx,rz,swap",881,537,12,1413,11,5,6,2,0,2,0,3,1116,6,1111,6,4,211,282,157,11,2.545024,2.000000,0.13701299,2,55,0,16,7.535714,0,43,19.178571,71,0.01421801,19.919431,54,55,55,2,1,38,1,20,0,21,230,592,59,0.01523212,0.03074948,0.742595,32-47:11;47-55:9;10-40:7;10-47:7;32-55:7;1-6:7;1-33:6;29-42:6,21-25:1,RRRRRRRRRRRCRRRRRRRC,RRRRRRRRCRRCRRCRRRRR
challenges/easy/challenge-64_25.qasm,easy,challenge-64_25.qasm,64,25,64,38163,1706,458,544,704,0,"cx,rx,rz",1002,704,29,1702,28,4,16,2,0,3,0,3,1325,12,1321,12,3,254,342,198,11,2.771654,2.000000,0.12599206,1,64,2,14,7.937500,4,50,22.000000,88,0.01574803,22.763780,60,64,64,0,2,38,1,16,0,22,229,700,73,0.01794707,0.03052395,,18-46:11;18-61:10;9-13:9;27-58:9;15-19:8;18-43:7;23-59:7;21-38:7,,RRRRRRRRRRRRRRRRRRRR,RCCCRRRCCRRRRCCCRRRR
challenges/easy/challenge-64_26.qasm,easy,challenge-64_26.qasm,64,26,64,40230,1854,537,606,711,0,"cx,rx,rz",1143,711,34,1849,33,5,15,2,0,3,0,3,1450,19,1445,19,4,256,361,209,8,2.777344,2.000000,0.12698413,1,64,2,16,8.000000,2,55,22.218750,105,0.03125000,21.101562,55,64,64,0,0,45,0,22,0,25,400,690,53,0.01949227,0.03089835,,31-37:8;40-50:8;7-39:7;9-42:7;43-53:7;14-21:6;15-25:6;23-29:6,,RRRRRRRRRRRRRRRRRRRR,CCRCRCRRCRRRRRCRRRRR
challenges/moderate/challenge-8_27.qasm,moderate,challenge-8_27.qasm,8,27,8,10302,459,111,175,168,5,"cx,rx,rz,swap",286,173,9,455,8,4,4,4,0,2,0,1,367,5,365,5,1,26,45,25,19,6.653846,6.000000,0.92857143,1,8,6,7,6.500000,24,59,43.250000,19,0.23076923,3.115385,7,8,8,6,19,58,7,23,12,35,38,242,6,0.01423845,0.03080167,0.971678;0.973856;0.976035;0.989107;0.991285,1-2:19;3-4:13;2-5:11;0-4:11;3-7:11;4-5:10;2-7:10;3-5:9,4-6:1;2-6:1;0-6:1;3-4:1;1-3:1,RRRRRRRRCRRRRRRCRCRR,RCRRRCSSSRRRRCSSRRRR
challenges/moderate/challenge-16_28.qasm,moderate,challenge-16_28.qasm,16,28,16,33957,1670,334,643,693,0,"cx,rx,rz",977,693,5,1661,4,9,3,3,0,2,0,3,1325,2,1317,2,7,111,186,106,18,6.243243,6.000000,0.92500000,1,16,12,15,13.875000,55,115,86.625000,75,0.11711712,5.549550,15,16,16,0,29,97,9,33,20,64,382,568,27,0.01832876,0.03063581,,8-11:18;7-12:16;5-12:16;11-14:15;9-14:14;2-5:13;6-9:12;11-12:12,,RRRRCRRRRRRRRRRRRRRC,RRCRRCRRCRCRRRRRRRRR
challenges/moderate/challenge-24_29.qasm,moderate,challenge-24_29.qasm,24,29,24,64679,3086,752,1064,1267,3,"cx,rx,rz,swap",1816,1270,5,3082,4,4,3,2,0,2,0,3,2401,2,2397,2,3,240,391,232,17,5.291667,5.000000,0.86956522,1,24,17,23,20.000000,75,140,105.833333,151,0.07916667,8.470833,23,24,24,4,50,98,17,40,29,61,634,1127,55,0.01633993,0.03073618,0.998056;0.998380;0.998704,9-14:17;1-10:15;17-22:14;5-22:14;3-8:13;21-22:12;8-19:12;0-21:12,20-21:1;16-20:1;4-16:1,RRRRCRRRRRRRRRRRCRRR,RRRRRCRCCRRRRSSSRRRR
challenges/moderate/challenge-32_30.qasm,moderate,challenge-32_30.qasm,32,30,32,43993,1977,507,664,801,5,"cx,rx,rz,swap",1171,806,22,1975,21,2,11,2,0,3,0,1,1539,11,1537,11,1,250,343,206,13,3.224000,2.000000,0.50403226,1,32,9,21,15.625000,23,67,50.375000,93,0.06400000,10.704000,30,32,32,7,14,58,8,25,6,33,256,861,54,0.01526089,0.03123872,0.976732;0.986849;0.987355;0.998483;0.998988,5-8:13;2-4:10;11-21:10;7-16:10;15-20:10;3-28:9;0-21:9;7-31:9,14-24:1;17-22:1;8-17:1;7-17:1;2-7:1,RRRRRRRRRRRRRRRRRRRR,CCRRCCRRRRRRCRRRSSRR
challenges/moderate/challenge-48_31.qasm,moderate,challenge-48_31.qasm,48,31,48,26613,1265,348,375,531,11,"cx,rx,rz,swap",723,542,8,1261,7,4,3,2,0,3,0,3,972,5,968,5,3,212,283,154,12,2.556604,2.000000,0.18794326,3,46,0,20,8.833333,0,67,22.583333,71,0.04716981,17.580189,45,46,46,12,0,47,0,24,0,25,256,446,21,0.01381694,0.02951456,0.981818;0.982609;0.983399;0.984190;0.984980;0.987352;0.988142;0.988933;0.989723;0.991304;0.992095,2-42:12;5-11:8;9-11:8;26-47:7;2-9:7;2-19:7;3-41:6;3-42:6,45-46:1;26-46:1;15-46:1;12-15:1;1-15:1;31-45:1;19-31:1;6-19:1,RRRRRRRCRRRRRRCRRRRR,SRRSSSSRSSRRRRRCRRRR
challenges/moderate/challenge-48_32.qasm,moderate,challenge-48_32.qasm,48,32,48,38631,1790,536,531,718,5,"cx,rx,rz,swap",1067,723,12,1785,11,5,5,3,0,3,0,3,1400,6,1396,6,3,256,349,195,12,2.824219,2.000000,0.22695035,1,48,4,22,10.666667,6,58,30.125000,93,0.03906250,16.054688,45,48,48,9,3,42,2,23,1,26,340,683,44,0.01492590,0.02885657,0.949162;0.949721;0.992737;0.994972;0.997207,2-38:12;24-36:8;11-21:8;8-41:8;13-32:8;17-33:7;39-41:7;10-16:6,23-42:1;14-23:1;34-46:1;9-43:1;41-44:1,RRRRRRRRRRRCRRRCRRRR,RRRRCRSRRRSRCRSRRRRR
challenges/moderate/challenge-56_33.qasm,moderate,challenge-56_33.qasm,56,33,56,29135,1510,403,432,675,0,"cx,rx,rz",835,675,7,1509,6,1,3,1,0,2,0,1,1143,4,1141,4,1,251,348,178,11,2.689243,2.000000,0.16298701,4,52,0,19,8.964286,0,51,24.107143,97,0.03585657,19.804781,55,54,54,0,0,43,0,17,0,26,475,353,7,0.01446461,0.02719135,,2-30:11;10-23:9;0-7:9;0-32:8;2-28:8;3-17:8;19-32:7;28-30:7,,RRRRRRCRRRRRRRRRRRRC,RRCCRRCRRCCRRRRRRRCR
challenges/moderate/challenge-64_34.qasm,moderate,challenge-64_34.qasm,64,34,64,42179,1948,587,597,761,3,"cx,rx,rz,swap",1184,764,8,1948,7,0,4,0,0,3,0,0,1521,4,1520,4,0,306,409,227,11,2.496732,2.000000,0.15178571,1,64,1,18,9.562500,2,48,23.875000,103,0.01307190,21.767974,61,64,64,6,2,37,1,17,1,20,401,725,58,0.01655435,0.02988161,0.931725;0.953799;0.965606,40-54:11;2-34:9;43-56:8;20-30:7;14-24:7;16-49:7;37-52:7;24-47:6,27-30:1;18-33:1;28-44:1,RRRRRRRCRRRRRRRRRRRR,RCRRRCRRRCRCRRCRRRRC
challenges/hard/challenge-40_35.qasm,hard,challenge-40_35.qasm,40,35,40,64001,2950,819,938,1193,0,"cx,rx,rz",1757,1193,19,2946,18,4,10,2,0,3,0,3,2307,9,2303,9,3,384,504,325,11,3.106771,2.000000,0.49230769,1,40,12,27,19.200000,31,75,59.650000,120,0.05208333,13.937500,39,40,40,0,14,68,7,34,7,37,523,1159,75,0.01535694,0.03120227,,2-9:11;25-29:11;8-14:10;14-15:10;32-33:9;3-15:8;15-32:8;24-34:8,,RRRRRRRRRRRRRRRRRRCR,RCRRRRCCRRCRRRRCRRRR
challenges/hard/challenge-48_36.qasm,hard,challenge-48_36.qasm,48,36,48,60445,2805,656,999,1145,5,"cx,rx,rz,swap",1655,1150,15,2801,14,4,8,2,0,3,0,2,2158,7,2154,7,3,401,519,333,11,2.867830,2.000000,0.35549645,1,48,10,25,16.708333,27,72,47.916667,118,0.03990025,15.912718,46,48,48,8,11,61,4,24,7,37,529,1009,117,0.01578221,0.03114082,0.945811;0.946168;0.946524;0.982175;0.994296,12-29:11;18-22:10;15-38:9;13-43:8;25-46:8;23-25:8;43-46:7;10-46:7,17-41:1;9-41:1;0-41:1;25-46:1;14-38:1,RRRRRRRRRRRRRRCRRRRC,RRRSRCRRCRRRRRRCRRRR
challenges/hard/challenge-48_37.qasm,hard,challenge-48_37.qasm,48,37,48,68724,3505,918,1106,1481,0,"cx,rx,rz",2024,1481,19,3500,18,5,9,2,0,3,0,3,2733,9,2728,9,4,466,647,375,11,3.178112,2.000000,0.41312057,1,48,12,28,19.416667,26,93,61.708333,181,0.04935622,16.549356,46,48,48,0,18,73,7,36,8,43,1105,841,78,0.01758158,0.03090721,,11-33:11;8-11:11;31-35:10;7-20:10;9-43:10;9-29:10;17-24:10;16-43:9,,RRRRRRRRRRRRRRRRRRCR,RRRRCCRRRRRCCRCRRRRR
challenges/hard/challenge-56_38.qasm,hard,challenge-56_38.qasm,56,38,56,109535,5939,1040,2140,2759,0,"cx,rx,rz",3180,2759,30,5933,29,6,14,3,0,3,0,3,4692,16,4687,16,4,833,1106,717,12,3.312125,3.000000,0.54090909,1,56,19,43,29.750000,55,143,98.535714,273,0.03121248,18.996399,54,56,56,0,29,92,8,33,17,66,2151,944,85,0.01391604,0.03114014,,18-23:12;3-32:12;7-39:11;37-50:11;5-32:11;8-55:11;45-51:10;46-53:10,,RRRRRRRRRRRRRRRRRRRR,RRRRRRCRRCRCRCRRRRRR
challenges/hard/challenge-56_39.qasm,hard,challenge-56_39.qasm,56,39,56,59545,2783,607,1031,1143,2,"cx,rx,rz,swap",1638,1145,8,2782,7,1,3,1,0,3,0,1,2178,5,2176,5,1,374,484,324,11,3.061497,2.000000,0.24285714,1,56,5,24,13.357143,12,78,40.892857,110,0.05080214,19.227273,53,56,56,4,9,58,3,24,5,39,551,990,97,0.01842553,0.03105977,0.998203;0.999641,21-55:11;25-32:10;25-48:10;13-18:9;27-50:9;13-31:8;16-33:8;15-25:8,33-50:1;21-55:1,RRRRRRRCRRRRRRRRRRRR,CRRRCCRRCRCRRRSRRRSR
challenges/hard/challenge-64_40.qasm,hard,challenge-64_40.qasm,64,40,64,76145,3758,979,1206,1573,0,"cx,rx,rz",2185,1573,32,3755,31,3,15,2,0,3,0,2,2912,16,2909,16,2,607,745,491,10,2.591433,2.000000,0.30109127,1,64,10,34,18.968750,24,83,49.156250,138,0.03130148,21.364086,63,64,64,0,8,63,3,32,5,32,1045,1000,140,0.01627903,0.03070750,,38-40:10;1-47:8;6-34:8;1-3:8;2-58:8;8-38:8;42-46:8;8-48:7,,RRRRRRRRRRRRRRRRRRRR,RRRCRRRRRRCRCRRRCRRR
challenges/hard/challenge-64_41.qasm,hard,challenge-64_41.qasm,64,41,64,70867,3428,677,1323,1428,0,"cx,rx,rz",2000,1428,38,3423,37,5,19,3,0,3,0,2,2680,19,2676,19,3,483,617,409,12,2.956522,2.000000,0.23958333,1,64,3,25,15.093750,11,86,44.625000,134,0.02691511,21.383023,59,64,64,0,8,75,2,26,5,49,868,1068,64,0.01444661,0.03010882,,8-32:12;37-53:12;53-61:11;13-57:9;22-27:9;14-25:9;15-26:9;28-41:8,,RRRRRRRRRRRRRRRRRRRR,RRCRRCRRCRRRCRCRRRRR
challenges/very_hard/challenge-48_42.qasm,very_hard,challenge-48_42.qasm,48,42,48,559084,20733,7087,9425,4221,0,"cx,rx,rz",16512,4221,126,20723,125,10,48,4,2,3,0,3,1733,2,1729,2,3,1072,1097,1072,7,3.937500,4.000000,0.95035461,1,48,41,47,44.666667,146,196,175.875000,25,0.04011194,16.316231,47,48,48,0,282,386,110,191,158,248,104,14852,1556,0.01524279,0.03122744,,37-43:7;21-38:6;14-17:6;6-31:6;0-2:6;18-41:6;21-47:6;31-45:6,,RRRRRRRRRRRRRRRRRRRR,RRCRRRRRCCRRRRRRRRRR
challenges/very_hard/challenge-56_43.qasm,very_hard,challenge-56_43.qasm,56,43,56,620554,23004,8034,10286,4684,0,"cx,rx,rz",18320,4684,116,22997,115,7,56,3,2,3,0,3,1978,2,1974,2,3,1354,1385,1353,7,3.459380,4.000000,0.87922078,1,56,42,54,48.357143,138,194,167.285714,31,0.03545052,19.184638,55,56,56,0,266,380,109,191,132,229,135,16469,1716,0.01504506,0.03121413,,12-46:7;6-35:6;0-8:6;28-43:6;39-55:6;14-47:6;8-16:6;5-10:6,,RRRRRRRRRRRRRRRRRRRR,CRRRRRRRRRRRCRRRRRRR
challenges/very_hard/challenge-64_44.qasm,very_hard,challenge-64_44.qasm,64,44,64,776157,28787,11016,11927,5844,0,"cx,rx,rz",22943,5844,141,28781,140,6,64,3,2,3,0,3,1924,2,1920,2,3,1743,1776,1743,7,3.352840,4.000000,0.86458333,1,64,48,61,54.468750,158,242,182.625000,33,0.02925990,21.841079,63,64,64,0,310,478,142,241,160,237,166,20612,2165,0.01535373,0.03122625,,29-33:7;51-57:7;13-18:6;4-21:6;6-38:6;29-51:6;5-37:6;3-44:6,,RRRRRRRRRRRRRRRRRRRR,RRCRRRRRRRRRRCRRRRRR
challenges/very_hard/challenge-72_45.qasm,very_hard,challenge-72_45.qasm,72,45,72,776255,28777,11084,11841,5852,0,"cx,rx,rz",22925,5852,167,28772,166,5,72,2,2,3,0,3,1954,2,1950,2,3,1932,1956,1932,8,3.028986,2.000000,0.75586854,1,72,39,59,53.666667,114,188,162.555556,24,0.02639752,24.353520,71,72,72,0,225,372,109,183,116,198,193,20502,2230,0.01456022,0.03123262,,40-41:8;23-61:6;56-71:6;65-71:6;9-44:6;33-40:6;46-54:6;3-45:6,,RRRRRRRRRRRRRRRRRRRR,RRRRRRRRRCRRRRCRRRRR
challenges/very_hard/challenge-80_46.qasm,very_hard,challenge-80_46.qasm,80,46,80,935229,34586,13161,14395,7030,0,"cx,rx,rz",27556,7030,177,34581,176,5,80,2,2,3,0,3,2150,2,2146,2,3,2362,2400,2360,8,2.976291,2.000000,0.74746835,1,80,50,68,59.050000,140,206,175.750000,38,0.02540220,26.883997,79,80,80,0,274,405,127,200,136,222,216,24674,2666,0.01466043,0.03118581,,15-45:8;20-56:6;47-57:6;37-59:6;36-66:6;35-42:6;31-39:6;14-24:6,,RRRRRRRRRRRRRRRRRRRR,RCRRRRRRRRRRRRCRRRRR
challenges/very_hard/challenge-88_47.qasm,very_hard,challenge-88_47.qasm,88,47,88,1017255,37660,14603,15403,7654,0,"cx,rx,rz",30006,7654,143,37651,142,9,87,5,0,2,0,3,2352,1,2348,1,3,2670,2702,2670,6,2.866667,2.000000,0.69749216,1,88,44,71,60.681818,128,215,173.954545,32,0.02284644,29.749438,86,88,88,0,250,419,123,212,127,212,269,26878,2859,0.01503901,0.03123692,,11-31:6;60-64:6;39-40:6;17-61:6;10-73:6;6-15:6;14-53:6;18-67:6,,RRRRRRRRRRRRRRRRRRRR,RRRCRRRRRRCRRRRRRRRR
challenges/very_hard/challenge-96_48.qasm,very_hard,challenge-96_48.qasm,96,48,96,774975,28703,10801,12036,5866,0,"cx,rx,rz",22837,5866,198,28696,197,7,96,4,2,3,0,3,1369,2,1365,2,3,2355,2377,2354,6,2.490870,2.000000,0.51644737,1,96,37,62,49.062500,90,178,122.208333,22,0.02080679,32.494268,93,96,96,0,175,349,81,151,89,199,201,20417,2219,0.01484196,0.03123834,,76-84:6;36-80:6;76-90:6;56-81:6;48-90:6;3-59:6;46-94:6;55-68:6,,RRRRRRRRRRRRRRRRRRRR,RRRRRRRRRRRRCRRRRRRR
challenges/very_hard/challenge-104_49.qasm,very_hard,challenge-104_49.qasm,104,49,104,714512,26361,10310,10645,5406,0,"cx,rx,rz",20955,5406,212,26347,211,14,104,6,1,3,0,3,1358,2,1354,2,3,2271,2299,2271,6,2.380449,2.000000,0.42401046,1,104,30,55,43.673077,70,134,103.961538,28,0.02069573,34.747248,102,104,104,0,133,262,66,127,67,135,165,18745,2045,0.01506086,0.03124734,,36-67:6;69-86:6;40-63:6;0-35:6;42-81:6;24-71:6;24-60:6;40-96:6,,RRRRRRRRRRRRRRRRRRRR,RCRRRCRRRRRRRRRRRRRR
