challenge	rank	bitstring	count	shot_fraction	stored_fraction
8_1	1	10101101	11207	0.91202799	0.91202799
8_1	2	00101101	476	0.038736979	0.038736979
8_1	3	10101111	161	0.013102214	0.013102214
8_1	4	10101000	145	0.01180013	0.01180013
8_1	5	10101001	139	0.011311849	0.011311849
8_1	6	10101110	137	0.011149089	0.011149089
8_1	7	00101111	7	0.00056966146	0.00056966146
8_1	8	00101110	6	0.00048828125	0.00048828125
8_1	9	00101001	5	0.00040690104	0.00040690104
8_1	10	00101000	3	0.00024414062	0.00024414062
8_1	11	10001101	2	0.00016276042	0.00016276042
16_2	1	1010101011001000	5717	0.46525065	0.46525065
16_2	2	1011101011001000	1184	0.096354167	0.096354167
16_2	3	1010101011001100	807	0.065673828	0.065673828
16_2	4	1010101011001110	581	0.047281901	0.047281901
16_2	5	0010101011001000	464	0.037760417	0.037760417
16_2	6	1010111011001000	326	0.026529948	0.026529948
16_2	7	1010101011001010	298	0.024251302	0.024251302
16_2	8	1010101001001000	239	0.01944987	0.01944987
16_2	9	1010101011000000	205	0.016682943	0.016682943
16_2	10	1010101001000000	130	0.010579427	0.010579427
16_2	11	1011101011001100	114	0.0092773438	0.0092773438
16_2	12	1011101011001110	111	0.0090332031	0.0090332031
16_2	13	0011101011001000	110	0.0089518229	0.0089518229
16_2	14	1010111011000000	104	0.0084635417	0.0084635417
16_2	15	1010111011000100	89	0.0072428385	0.0072428385
16_2	16	1011111011000000	76	0.0061848958	0.0061848958
16_2	17	1011101011000100	72	0.005859375	0.005859375
16_2	18	1000100011101000	68	0.0055338542	0.0055338542
16_2	19	1000101011101000	59	0.0048014323	0.0048014323
16_2	20	1011111011001000	54	0.0043945312	0.0043945312
24_3	1	011110010000101010001000	8836	0.71907552	0.71907552
24_3	2	011110000000101010001000	585	0.047607422	0.047607422
24_3	3	011100010000101010001000	529	0.04305013	0.04305013
24_3	4	011110000001101010001000	465	0.037841797	0.037841797
24_3	5	011110000000101010101000	419	0.034098307	0.034098307
24_3	6	011110000000101010011000	317	0.025797526	0.025797526
24_3	7	011111000000101010001000	306	0.024902344	0.024902344
24_3	8	011111010000101010011000	67	0.005452474	0.005452474
24_3	9	001110010000101010001000	60	0.0048828125	0.0048828125
24_3	10	011110010000101010101000	55	0.0044759115	0.0044759115
24_3	11	011111000000101010011000	46	0.0037434896	0.0037434896
24_3	12	000110010000101010001000	37	0.0030110677	0.0030110677
24_3	13	011100000000101010001000	37	0.0030110677	0.0030110677
24_3	14	010110010000101010001000	34	0.0027669271	0.0027669271
24_3	15	011100000001101010001000	31	0.0025227865	0.0025227865
24_3	16	011110010001101010001000	27	0.0021972656	0.0021972656
24_3	17	011100000000101010011000	22	0.0017903646	0.0017903646
24_3	18	011100000000101010101000	20	0.0016276042	0.0016276042
24_3	19	011110010000101010111000	19	0.001546224	0.001546224
24_3	20	011111010001101010001000	19	0.001546224	0.001546224
28_4	1	1111111000101010110110011111	3888	0.15820312	0.19027112
28_4	2	1101111000101010110110011111	1146	0.046630859	0.056082999
28_4	3	1111111000100010110110011111	608	0.024739583	0.029754331
28_4	4	1111111000101010110110011101	480	0.01953125	0.023490261
28_4	5	1111111000101010110110111111	379	0.015421549	0.018547519
28_4	6	1111111000101010010110011111	375	0.015258789	0.018351767
28_4	7	1111111000101010110110001111	368	0.014973958	0.0180092
28_4	8	1111111000101010110110011011	330	0.013427734	0.016149555
28_4	9	1111111000101010100110011111	291	0.01184082	0.014240971
28_4	10	1111111000101010110110011110	289	0.01175944	0.014143095
28_4	11	1111111000101010110110010111	273	0.011108398	0.013360086
28_4	12	1111111000101000110110011111	245	0.0099690755	0.011989821
28_4	13	1111111100101010110110011111	243	0.0098876953	0.011891945
28_4	14	1111110000101010110110011111	221	0.008992513	0.010815308
28_4	15	1111111000101010110010011111	208	0.0084635417	0.010179113
28_4	16	1101111000101010110110111111	187	0.0076090495	0.0091514143
28_4	17	1101111000100010110110011111	183	0.0074462891	0.0089556621
28_4	18	1111111001101010110110011111	150	0.0061035156	0.0073407067
28_4	19	1101111000101010110110011101	147	0.0059814453	0.0071938925
28_4	20	1101111000101010010110011111	128	0.0052083333	0.0062640697
32_5	1	00111000101010100001000000010000	1735	0.070597331	0.079307035
32_5	2	00111000101011000001000000010000	799	0.032511393	0.036522375
32_5	3	00110000101010100001000001010000	727	0.029581706	0.033231247
32_5	4	00111000101010100000010000010000	644	0.026204427	0.029437309
32_5	5	00111000101011100001000000010000	587	0.023885091	0.026831833
32_5	6	00111000101010000001000000010000	428	0.017415365	0.019563926
32_5	7	00111010101011000001000000010000	323	0.013142904	0.014764364
32_5	8	00111000101011100001000000011000	320	0.013020833	0.014627234
32_5	9	00111000101011000000010000010000	300	0.012207031	0.013713032
32_5	10	00111000101110100001000000010000	297	0.012084961	0.013575902
32_5	11	00110000101010100000010001010000	296	0.012044271	0.013530192
32_5	12	01111100101010100001000000010000	272	0.011067708	0.012433149
32_5	13	00111010101010100001000000010000	230	0.009358724	0.010513324
32_5	14	00111000101011100000010000010000	212	0.0086263021	0.0096905426
32_5	15	00110000101011000001000001010000	210	0.0085449219	0.0095991224
32_5	16	00101000101010100001000000010000	179	0.0072835286	0.0081821091
32_5	17	00110000101011100001000001011000	179	0.0072835286	0.0081821091
32_5	18	01111100101011000001000000010000	160	0.0065104167	0.007313617
32_5	19	00111000101010000000010000010000	152	0.0061848958	0.0069479362
32_5	20	00111010101011000000010000010000	148	0.0060221354	0.0067650958
36_6	1	100110100111101001001101110011001000	16958	0.69002279	0.69002279
36_6	2	100110100111101001001101110011001010	1689	0.068725586	0.068725586
36_6	3	100110100111101001001101110111001000	865	0.03519694	0.03519694
36_6	4	100110000111101001001101110011000000	650	0.026448568	0.026448568
36_6	5	100110100111101001001101110010001000	582	0.023681641	0.023681641
36_6	6	100110100111101001011101110011001000	481	0.01957194	0.01957194
36_6	7	100110100111101001001101010111001000	374	0.015218099	0.015218099
36_6	8	100110100111101001001101110011000000	287	0.01167806	0.01167806
36_6	9	100110000111101001001101110011001000	270	0.010986328	0.010986328
36_6	10	100110100111001001001101110011001000	256	0.010416667	0.010416667
36_6	11	100110100111101001001101110001001000	202	0.008219401	0.008219401
36_6	12	100110100111001001001101110011000000	118	0.0048014323	0.0048014323
36_6	13	000110100111101001001101110011101000	117	0.0047607422	0.0047607422
36_6	14	100110100111101001001101110011101000	108	0.0043945312	0.0043945312
36_6	15	100110100111101001001101110111001010	104	0.0042317708	0.0042317708
36_6	16	000110100111101001001101110011001000	72	0.0029296875	0.0029296875
36_6	17	100110000111101001001101110011000010	67	0.002726237	0.002726237
36_6	18	100110100111101001000101110111001000	63	0.0025634766	0.0025634766
36_6	19	100110100111101001001101110010001010	57	0.0023193359	0.0023193359
36_6	20	000110100111101001001101110001001000	53	0.0021565755	0.0021565755
40_7	1	0110111011010001010011111110010011000111	21691	0.88260905	0.88260905
40_7	2	0110111011010001010011111110000011000011	1109	0.045125326	0.045125326
40_7	3	0110111011010000010011111110010011000111	323	0.013142904	0.013142904
40_7	4	0110111011010001010001111110010011000111	292	0.01188151	0.01188151
40_7	5	0110111011010001010011111110000011000111	249	0.010131836	0.010131836
40_7	6	0110111011011001010011111110010011000111	241	0.0098063151	0.0098063151
40_7	7	0110111011010001010011111110010011000011	191	0.0077718099	0.0077718099
40_7	8	0110111011010000010001111110010011000111	103	0.0041910807	0.0041910807
40_7	9	0110111011010001011011111110010011000111	73	0.0029703776	0.0029703776
40_7	10	0110111011010001010011111110010111000111	38	0.001546224	0.001546224
40_7	11	1110111011010001010011111100010011000111	33	0.0013427734	0.0013427734
40_7	12	0110111011010001010011111110011011000111	26	0.0010579427	0.0010579427
40_7	13	0110111011010000010011111110000011000011	18	0.00073242188	0.00073242188
40_7	14	0110111111010001010011111110010011000111	17	0.00069173177	0.00069173177
40_7	15	0110111011010001010011101100010011000111	16	0.00065104167	0.00065104167
40_7	16	0110111011011001010011111110000011000011	16	0.00065104167	0.00065104167
40_7	17	0110111011010001010001111110000011000011	13	0.00052897135	0.00052897135
40_7	18	0110111011010001000011011110010011000111	11	0.00044759115	0.00044759115
40_7	19	0110111011110001010011111110010011000111	11	0.00044759115	0.00044759115
40_7	20	0110111011010001010011111110010011000101	10	0.00040690104	0.00040690104
48_8	1	000100100110111001001111111100101011001110010100	17038	0.69327799	0.69327799
48_8	2	000100100110110001001111111100101111001110010100	1738	0.070719401	0.070719401
48_8	3	000100100110111011001111111100101011001110010100	1305	0.053100586	0.053100586
48_8	4	000100100110111001001111111100101001001110010100	921	0.037475586	0.037475586
48_8	5	000100100110111000001111111100101011001110010100	695	0.028279622	0.028279622
48_8	6	000100100110111001001111111100101011001010010100	622	0.025309245	0.025309245
48_8	7	000101100110111001001111111100101011001110010100	515	0.020955404	0.020955404
48_8	8	000100100110111001001111111100101011001110010101	148	0.0060221354	0.0060221354
48_8	9	000100100110110011001111111100101111001110010100	127	0.0051676432	0.0051676432
48_8	10	000100100110110001001111111100101101001110010100	99	0.0040283203	0.0040283203
48_8	11	000100100110110000001111111100101111001110010100	81	0.0032958984	0.0032958984
48_8	12	000100100110111001001111111101100011001110010100	65	0.0026448568	0.0026448568
48_8	13	000100100110111001001111111100100111001110010100	63	0.0025634766	0.0025634766
48_8	14	000100100110111011001111111100101001001110010100	56	0.0022786458	0.0022786458
48_8	15	000100100110110001001111111110101011001110010100	56	0.0022786458	0.0022786458
48_8	16	000100100110110001001111111100101111001010010100	55	0.0022379557	0.0022379557
48_8	17	000100100110111001001111111100101010001110010100	53	0.0021565755	0.0021565755
48_8	18	000101100110110001001111111100101111001110010100	52	0.0021158854	0.0021158854
48_8	19	000100100110111000001111111100101001001110010100	48	0.001953125	0.001953125
48_8	20	000100100110111001001101111100101011001110010100	42	0.0017089844	0.0017089844
56_9	1	10010110101100101110100110010110011101100110001101010100	18926	0.77010091	0.77010091
56_9	2	10010110101100101110100110010110011111100110001101010100	1573	0.064005534	0.064005534
56_9	3	10010110101110101110100110010110011101100110001101010100	594	0.024169922	0.024169922
56_9	4	10010110101100101110100110010110011101100111001001010100	343	0.013956706	0.013956706
56_9	5	10010110101100101110100110010110011101100110001001010100	343	0.013956706	0.013956706
56_9	6	10010110101100101110100110110110011101100111001001010100	302	0.012288411	0.012288411
56_9	7	10010110101100101110100110110110011101100110001001010100	284	0.01155599	0.01155599
56_9	8	10010110101100101110100110010110011101100111001101010100	249	0.010131836	0.010131836
56_9	9	10010100101100111110100110010110011101100110001111010100	158	0.0064290365	0.0064290365
56_9	10	10010100101100101110100110010110011101100110001111010100	152	0.0061848958	0.0061848958
56_9	11	10010100101100101110100110010110011101100110001101010100	147	0.0059814453	0.0059814453
56_9	12	10010100101100111110100110010110011101100110001101010100	144	0.005859375	0.005859375
56_9	13	10010110101100101110100110010110011111000110001101010100	140	0.0056966146	0.0056966146
56_9	14	10010110101100101110100110010110011100100110001101010100	118	0.0048014323	0.0048014323
56_9	15	10110110101100101110100110010110011101100110001101010101	85	0.0034586589	0.0034586589
56_9	16	10110110101100101110100110010110011101100110001101010100	61	0.0024820964	0.0024820964
56_9	17	10010110101110101110100110010110011111100110001101010100	58	0.002360026	0.002360026
56_9	18	10010110101100101110100010010110011101100110001101010100	50	0.0020345052	0.0020345052
56_9	19	10010110101101101110100110010110011101100110001101010100	41	0.0016682943	0.0016682943
56_9	20	10010110101100001110100110000110011101100110001101010100	38	0.001546224	0.001546224
64_10	1	0011010010110001110010111001100100101100010111110110010100101011	18872	0.76790365	0.76790365
64_10	2	0011010010110001110010111001100100101100010011110110010100101011	653	0.026570638	0.026570638
64_10	3	0011010010110001110010101001100100101100010111110110010100101011	646	0.026285807	0.026285807
64_10	4	0011010010110001111010101001100100101100010111110110010100101011	609	0.024780273	0.024780273
64_10	5	0011010010110001110010111011100100101100010111110110010100101011	426	0.017333984	0.017333984
64_10	6	0011010010110001110010111001100100101100010111110110010100111011	407	0.016560872	0.016560872
64_10	7	0011010110110001110010111001100100101100010111110110010110101011	393	0.015991211	0.015991211
64_10	8	0011010010110001110010111011100100101100010111110110010110101011	353	0.014363607	0.014363607
64_10	9	0011010110110001110010111011100100101100010111110110010110101011	353	0.014363607	0.014363607
64_10	10	0011010010110101110010111001100100101100010111110110010100101011	271	0.011027018	0.011027018
64_10	11	0011010010110001110010111001100100101100010111110110010110101011	169	0.0068766276	0.0068766276
64_10	12	0011010110110001110010111011100100101100010111110110010100101011	119	0.0048421224	0.0048421224
64_10	13	0011011010110001110010111001100100101100010111110110010100101011	104	0.0042317708	0.0042317708
64_10	14	0011010110110001110010111001100100101100010111110110010100101011	100	0.0040690104	0.0040690104
64_10	15	0111010010110001110010111001100100101100010111110110010100111011	97	0.0039469401	0.0039469401
64_10	16	0011010010110000110010111001100100101100010111110110010100101011	51	0.0020751953	0.0020751953
64_10	17	0011010010110001110010111001100100101100010111110110010100101001	51	0.0020751953	0.0020751953
64_10	18	0011010010110001110010101000100100101100010111110110010100101011	50	0.0020345052	0.0020345052
64_10	19	0011010010110001110010111001100100101100010111110110010100101010	44	0.0017903646	0.0017903646
64_10	20	0011011010110001110010111001100100101100010111110110010100101010	44	0.0017903646	0.0017903646
8_11	1	01001110	22567	0.55095215	0.55095215
8_11	2	01101111	2724	0.066503906	0.066503906
8_11	3	01100110	1561	0.038110352	0.038110352
8_11	4	10101110	1443	0.035229492	0.035229492
8_11	5	00001110	1428	0.034863281	0.034863281
8_11	6	11101110	1204	0.029394531	0.029394531
8_11	7	01001111	973	0.023754883	0.023754883
8_11	8	01000111	825	0.020141602	0.020141602
8_11	9	10101111	811	0.019799805	0.019799805
8_11	10	10100111	685	0.016723633	0.016723633
8_11	11	10001110	603	0.01472168	0.01472168
8_11	12	11101111	586	0.014306641	0.014306641
8_11	13	10000111	540	0.013183594	0.013183594
8_11	14	01001010	491	0.011987305	0.011987305
8_11	15	11100111	451	0.011010742	0.011010742
8_11	16	01101110	439	0.010717773	0.010717773
8_11	17	11001110	433	0.010571289	0.010571289
8_11	18	11000111	429	0.010473633	0.010473633
8_11	19	10100110	396	0.0096679688	0.0096679688
8_11	20	11100110	324	0.0079101562	0.0079101562
16_12	1	1111000101101011	18889	0.46115723	0.46115723
16_12	2	1111010101101011	2883	0.070385742	0.070385742
16_12	3	1111010101101010	2735	0.066772461	0.066772461
16_12	4	1011000101101011	2719	0.066381836	0.066381836
16_12	5	1110010101101011	2162	0.052783203	0.052783203
16_12	6	1111000101101010	1638	0.039990234	0.039990234
16_12	7	1010000101101010	968	0.023632812	0.023632812
16_12	8	1011000100101011	939	0.022924805	0.022924805
16_12	9	1110000101101010	863	0.021069336	0.021069336
16_12	10	1111100001101011	825	0.020141602	0.020141602
16_12	11	1011000101101010	573	0.013989258	0.013989258
16_12	12	1010010101101010	529	0.012915039	0.012915039
16_12	13	1110000101101011	482	0.011767578	0.011767578
16_12	14	1011000001101011	434	0.010595703	0.010595703
16_12	15	1111000111101011	329	0.0080322266	0.0080322266
16_12	16	1011010101101011	297	0.0072509766	0.0072509766
16_12	17	1011100001101011	247	0.0060302734	0.0060302734
16_12	18	1111010111101011	197	0.0048095703	0.0048095703
16_12	19	1011010100101011	183	0.0044677734	0.0044677734
16_12	20	1010010101101011	170	0.0041503906	0.0041503906
24_13	1	111110011111001011010001	24464	0.59726563	0.59726563
24_13	2	111110111101001011010001	1827	0.044604492	0.044604492
24_13	3	111110011110001011010101	1199	0.029272461	0.029272461
24_13	4	011100011110011011011001	1110	0.027099609	0.027099609
24_13	5	111110011110011011011001	1065	0.026000977	0.026000977
24_13	6	111100011110011011011001	1055	0.025756836	0.025756836
24_13	7	011110011110011011011001	1016	0.024804687	0.024804687
24_13	8	111111011111001011010001	980	0.023925781	0.023925781
24_13	9	111010011111001011010001	919	0.022436523	0.022436523
24_13	10	110111011111001011010001	884	0.021582031	0.021582031
24_13	11	101110011111001011010001	463	0.011303711	0.011303711
24_13	12	111110011111001011010011	457	0.011157227	0.011157227
24_13	13	111110011101001011010001	440	0.010742188	0.010742188
24_13	14	111110111111001011010001	277	0.0067626953	0.0067626953
24_13	15	111110011111001001010001	266	0.0064941406	0.0064941406
24_13	16	111110111111001011010011	189	0.0046142578	0.0046142578
24_13	17	111110010111001001010001	169	0.0041259766	0.0041259766
24_13	18	111110111100001011010101	103	0.0025146484	0.0025146484
24_13	19	011110111100011011011001	98	0.0023925781	0.0023925781
24_13	20	111111111101001011010001	90	0.0021972656	0.0021972656
32_14	1	00000101001101000001011111101100	18798	0.45893555	0.45893555
32_14	2	00000001001101000001011111101100	2563	0.062573242	0.062573242
32_14	3	00000101001101000001011011101101	1804	0.044042969	0.044042969
32_14	4	00000101011101000001011111101110	1314	0.032080078	0.032080078
32_14	5	00000101001101000000010111101100	1018	0.024853516	0.024853516
32_14	6	00000101001101000000011111101100	959	0.023413086	0.023413086
32_14	7	00000101001101010001010111001100	957	0.023364258	0.023364258
32_14	8	00000101101100000001011111101100	878	0.021435547	0.021435547
32_14	9	00000101001101010001110111001100	667	0.01628418	0.01628418
32_14	10	00000101001101000001011011101100	508	0.012402344	0.012402344
32_14	11	00000101001101000001111111101100	506	0.012353516	0.012353516
32_14	12	00000101001101000001001111101100	376	0.0091796875	0.0091796875
32_14	13	00000101001111000001011111101100	374	0.0091308594	0.0091308594
32_14	14	01000101001101100001011111101100	361	0.0088134766	0.0088134766
32_14	15	00000101001101010001111111001100	305	0.0074462891	0.0074462891
32_14	16	00000101001101000001011111101110	278	0.0067871094	0.0067871094
32_14	17	01000101001101000001011111101100	271	0.0066162109	0.0066162109
32_14	18	00000101001101100001011111101100	240	0.005859375	0.005859375
32_14	19	00000001001101000001011011101101	237	0.0057861328	0.0057861328
32_14	20	00000101001101000001010111101100	229	0.0055908203	0.0055908203
36_15	1	110110011011011111011001011110101111	19	0.00046386719	0.0026366916
36_15	2	110110011011011101011001011110101111	19	0.00046386719	0.0026366916
36_15	3	110110011001011101011001011110101111	18	0.00043945313	0.0024979184
36_15	4	110110011011011101011000011110101111	17	0.00041503906	0.0023591452
36_15	5	110110011011111101011000011110101111	16	0.000390625	0.0022203719
36_15	6	110110011001111101011000011110101111	16	0.000390625	0.0022203719
36_15	7	110110011011111100011001011110101111	14	0.00034179687	0.0019428254
36_15	8	111110011011011101011000011110101111	13	0.00031738281	0.0018040522
36_15	9	110110011011111111011001011110101111	13	0.00031738281	0.0018040522
36_15	10	110110011011011100011001011110101111	13	0.00031738281	0.0018040522
36_15	11	110110011011111111011000011110101111	13	0.00031738281	0.0018040522
36_15	12	110110011001111101011001011110101111	12	0.00029296875	0.0016652789
36_15	13	110111011001111101011000011110101111	11	0.00026855469	0.0015265057
36_15	14	110110011011011101011001011010101111	11	0.00026855469	0.0015265057
36_15	15	110110011011111101011001011110101111	11	0.00026855469	0.0015265057
36_15	16	110110011001011111011001011110101111	10	0.00024414062	0.0013877324
36_15	17	111110011011011111011001011110101111	10	0.00024414062	0.0013877324
36_15	18	110110011010111100011001011110101111	9	0.00021972656	0.0012489592
36_15	19	111110011011011101011001011110101111	9	0.00021972656	0.0012489592
36_15	20	110111011001111101011001011110101111	9	0.00021972656	0.0012489592
40_16	1	0101110101001110011000111011100110010110	19327	0.47185059	0.47185059
40_16	2	0101110101001110011000111011100110000110	4627	0.11296387	0.11296387
40_16	3	0101110101001110011000111011100010010110	1237	0.030200195	0.030200195
40_16	4	1101110101001110011000111011100110011110	1207	0.029467773	0.029467773
40_16	5	0101110101001110011000111111100110010110	709	0.01730957	0.01730957
40_16	6	0101110101001110011000111011101110010010	615	0.015014648	0.015014648
40_16	7	0101110111001110011000111011100110010110	560	0.013671875	0.013671875
40_16	8	0101110101001110011000011011100110010110	557	0.013598633	0.013598633
40_16	9	0101110101001110011000111011100110010100	519	0.012670898	0.012670898
40_16	10	0100110101001110011000111011100110000110	500	0.012207031	0.012207031
40_16	11	0100110101001110011000011011100110010110	456	0.011132813	0.011132813
40_16	12	1101110101001110011000111011100110001110	341	0.0083251953	0.0083251953
40_16	13	0101110101001110011000111011100010000110	325	0.0079345703	0.0079345703
40_16	14	0101110101001110011000111011110110010110	306	0.0074707031	0.0074707031
40_16	15	0101110101001110011000011011100110000110	286	0.0069824219	0.0069824219
40_16	16	1101110101001110011000111011100111010110	244	0.0059570312	0.0059570312
40_16	17	0101110101001110010000111011100110010110	239	0.0058349609	0.0058349609
40_16	18	0111110101001110011000011011100110010110	188	0.0045898438	0.0045898438
40_16	19	0101110101001110011000111011100110110110	162	0.0039550781	0.0039550781
40_16	20	0101110101001110111000111011100110010110	161	0.0039306641	0.0039306641
40_17	1	0010010101010111001001000010001000001001	22847	0.55778809	0.55778809
40_17	2	0010110101010111000001000010001000001001	2669	0.065161133	0.065161133
40_17	3	0010010111010111001001001010001000001001	1505	0.036743164	0.036743164
40_17	4	1010010111010111001001000010001000001001	1501	0.036645508	0.036645508
40_17	5	0010010101010111001001000010011000001001	1338	0.032666016	0.032666016
40_17	6	0010010101010110001001000010001000101001	1040	0.025390625	0.025390625
40_17	7	0010010101011111001001000000001000001001	812	0.019824219	0.019824219
40_17	8	0010010111010111001001000010001000001001	790	0.019287109	0.019287109
40_17	9	0010010001010110001001000010001000001001	750	0.018310547	0.018310547
40_17	10	0011010101010111001001000010001000001001	610	0.014892578	0.014892578
40_17	11	0010010001010111001001000010001000001001	427	0.010424805	0.010424805
40_17	12	0010010101010111001001000010001000101001	365	0.0089111328	0.0089111328
40_17	13	0010010111010111001001000010001010001001	305	0.0074462891	0.0074462891
40_17	14	0010010101010110001001000010001000001001	186	0.0045410156	0.0045410156
40_17	15	1010110111010111000001000010001000001001	184	0.0044921875	0.0044921875
40_17	16	0010110101010111000001000010011000001001	168	0.0041015625	0.0041015625
40_17	17	0010110111010111000001001010001000001001	165	0.0040283203	0.0040283203
40_17	18	0010010101010111001001000010001001001001	161	0.0039306641	0.0039306641
40_17	19	1010010101010111001001001010001000001001	130	0.0031738281	0.0031738281
40_17	20	0010110111010111000001000010001000001001	115	0.0028076172	0.0028076172
40_18	1	0100000110010010001101111000111111001110	10970	0.26782227	0.27663599
40_18	2	0100000110010010001101111000111111011110	3145	0.076782227	0.07930904
40_18	3	0100000110010010001101110000111111001110	2350	0.057373047	0.059261127
40_18	4	0100000110010010001101111000111011001110	1516	0.037011719	0.038229731
40_18	5	0100000010010010001101111000111110001110	1005	0.024536133	0.025343588
40_18	6	0100000110010010001101111000111111001010	988	0.024121094	0.024914891
40_18	7	0100000110010010001101111000111111001100	692	0.016894531	0.017450511
40_18	8	0100000110010010001101110000111111011110	633	0.015454102	0.015962678
40_18	9	0110000110010010001101111000111011001110	632	0.015429688	0.015937461
40_18	10	1100000110010010001101111001111111001110	592	0.014453125	0.014928761
40_18	11	0110000110010010001101111000111111001110	538	0.013134766	0.013567016
40_18	12	0100001110010010001101111000111111001100	465	0.011352539	0.011726138
40_18	13	0100000110000010001101111000111111001110	383	0.0093505859	0.0096583029
40_18	14	0100000110010010001111111000111111001110	319	0.0077880859	0.0080443828
40_18	15	0100000110000010001101111000111011001110	300	0.0073242188	0.0075652503
40_18	16	0100000110010010001101110000111011001110	295	0.0072021484	0.0074391628
40_18	17	0100000010010010001101111000111110011110	290	0.0070800781	0.0073130753
40_18	18	0100000110010010001101111000111111011010	282	0.0068847656	0.0071113353
40_18	19	1100000110010010001111111000111111001110	241	0.0058837891	0.0060774177
40_18	20	0100000110010010001101110000111111001010	231	0.0056396484	0.0058252427
48_19	1	011001010111101100111110000001011101001110010000	28072	0.68535156	0.68535156
48_19	2	011001010111101100111111000001011101001110010100	1844	0.045019531	0.045019531
48_19	3	011001010111101100111111000001011101001110010000	1714	0.041845703	0.041845703
48_19	4	011001010111101100011110000001011101001110010000	628	0.015332031	0.015332031
48_19	5	011000011111101100111110000001011111001110010000	524	0.012792969	0.012792969
48_19	6	011000011111101100111110000001011101001110010000	520	0.012695312	0.012695312
48_19	7	011001010111101100111110000001011110101110010000	445	0.010864258	0.010864258
48_19	8	011001010111101110111110000001011101000110010000	432	0.010546875	0.010546875
48_19	9	011001010111101110111110010001011100101110010000	422	0.010302734	0.010302734
48_19	10	011001010111101100111110000001011101000110010000	397	0.0096923828	0.0096923828
48_19	11	011001010111101110111110000001011100101110010000	395	0.0096435547	0.0096435547
48_19	12	011001010111101100111110000011011101000110010000	367	0.0089599609	0.0089599609
48_19	13	011001010111101110111110000011011101000110010000	356	0.0086914063	0.0086914063
48_19	14	011001010111101100111110010001011110101110010000	323	0.0078857422	0.0078857422
48_19	15	011101010111101100111110000001011101001110010000	321	0.0078369141	0.0078369141
48_19	16	011001010111101100111110000001011101001110010100	211	0.0051513672	0.0051513672
48_19	17	011001010111101100111110000011011101001110010000	157	0.0038330078	0.0038330078
48_19	18	011001010111101110111110000011011101001110010000	154	0.0037597656	0.0037597656
48_19	19	011001010111101100111110000001011111001110010000	135	0.0032958984	0.0032958984
48_19	20	011001010101101100111110000001011101001110010000	118	0.0028808594	0.0028808594
48_20	1	101010100101001010000110101000001011110010000000	25991	0.6345459	0.6345459
48_20	2	101010100101001010000110101000001001110010000000	2247	0.054858398	0.054858398
48_20	3	101010101101001010000110101001001011110010000000	2131	0.052026367	0.052026367
48_20	4	101010000101001010000110101000011011110010000000	1995	0.048706055	0.048706055
48_20	5	101010100101001010000110101000001011110000010000	1156	0.028222656	0.028222656
48_20	6	101010100011001010000110101000001011110010000000	840	0.020507812	0.020507812
48_20	7	101010100101001010000110100000001011110010000000	727	0.017749023	0.017749023
48_20	8	001010100011001010000110101000001011110010000000	678	0.016552734	0.016552734
48_20	9	101010100111001010000110101000001011110010000000	431	0.010522461	0.010522461
48_20	10	101010101101001010000110101001001001110010000000	223	0.0054443359	0.0054443359
48_20	11	101010000101001010000110101000011001110010000000	199	0.0048583984	0.0048583984
48_20	12	101010100101000010000110101000001011110010000000	192	0.0046875	0.0046875
48_20	13	101010001101001010000110101001011011110010000000	145	0.0035400391	0.0035400391
48_20	14	101010100101001010000110111000001011110010000000	119	0.0029052734	0.0029052734
48_20	15	101010100001001010000110101000001011110010000000	111	0.0027099609	0.0027099609
48_20	16	001010100001001010000110101000001011110010000000	108	0.0026367188	0.0026367188
48_20	17	101010100101001010000110101000001001110000010000	104	0.0025390625	0.0025390625
48_20	18	101010100101001010000110101000001111110010000000	103	0.0025146484	0.0025146484
48_20	19	101010100101001110000110101010001011110010000000	98	0.0023925781	0.0023925781
48_20	20	101010101101001010000110101001001011110000010000	96	0.00234375	0.00234375
48_21	1	111010101110101011110101000001101000100000001001	21012	0.51298828	0.51298828
48_21	2	111010101110101011110100000001101000100000001001	2575	0.062866211	0.062866211
48_21	3	111010101110101010110101000001101000110000001001	885	0.021606445	0.021606445
48_21	4	111010101010101011110101000001101000100000001001	836	0.020410156	0.020410156
48_21	5	111010101110101011110101000001101100100000001001	608	0.01484375	0.01484375
48_21	6	111010101110101011110101000001101000110000001001	504	0.012304687	0.012304687
48_21	7	111010101110101011110101000000101000100000001001	487	0.011889648	0.011889648
48_21	8	111010101110101011010101000001101000100000001001	463	0.011303711	0.011303711
48_21	9	111010101111101011110101000001101000100000001001	440	0.010742188	0.010742188
48_21	10	111010101110101011110101000001111000100000001001	416	0.01015625	0.01015625
48_21	11	111010101110101011110101000001101000100000011001	365	0.0089111328	0.0089111328
48_21	12	111000101110101011110101000001101000100000001001	326	0.0079589844	0.0079589844
48_21	13	111010101110101011110101000001101000100000000001	319	0.0077880859	0.0077880859
48_21	14	111010101110001011110101000001101010100000001001	297	0.0072509766	0.0072509766
48_21	15	111010111000101011110101000001101000100000001001	259	0.0063232422	0.0063232422
48_21	16	111010100110101011110111000001101000100000001001	256	0.00625	0.00625
48_21	17	111010111110101011110101000001101000100000001001	242	0.0059082031	0.0059082031
48_21	18	111010101110101011010101000001101000100000101001	237	0.0057861328	0.0057861328
48_21	19	111000101110101011110101000001111000100000001001	227	0.0055419922	0.0055419922
48_21	20	111011101110101011110101000001101000100000001001	224	0.00546875	0.00546875
56_22	1	11100100100110010011110010110110011000000100010111111011	19209	0.58621216	0.58621216
56_22	2	11100100100110010011110010110110011000000100010110111011	2049	0.062530518	0.062530518
56_22	3	11100100100110010111110010110110011000000100010111111011	1038	0.031677246	0.031677246
56_22	4	11100100100110010011111010110110011000000100010111111011	872	0.026611328	0.026611328
56_22	5	11100100100110010011110010110110011000000000010110111011	544	0.016601562	0.016601562
56_22	6	11100100100110010011110010110110011000001000010110111011	512	0.015625	0.015625
56_22	7	11100100100110010011110010110110011000001100010111111001	435	0.013275146	0.013275146
56_22	8	11100100100110010011111010110110011000000110010111111011	213	0.0065002441	0.0065002441
56_22	9	11100100100110010011110010110110011000001100010110111011	186	0.0056762695	0.0056762695
56_22	10	11100100100110010111110010110110011000000100010110111011	149	0.0045471191	0.0045471191
56_22	11	11100100100110010011110010110110011000000100010111011011	129	0.0039367676	0.0039367676
56_22	12	11100100100110010011110010010110011000000100010111011011	125	0.0038146973	0.0038146973
56_22	13	11100100100110010011110110110110011000001100010111111011	101	0.0030822754	0.0030822754
56_22	14	11100100100110010011110010010110011000000100010111111011	99	0.0030212402	0.0030212402
56_22	15	11100100100110010011111010110110011000000100010110111011	90	0.002746582	0.002746582
56_22	16	11101100100110010011110010110110011100000101110111111011	83	0.002532959	0.002532959
56_22	17	11100100100110010011110010110110011100110101010111110011	78	0.0023803711	0.0023803711
56_22	18	11101100100100010011110010110110011100100101110111111011	77	0.0023498535	0.0023498535
56_22	19	11100100100110010011110010110110111000000100010101111011	76	0.0023193359	0.0023193359
56_22	20	11100100100110010010110010110110011000110101110111110011	74	0.0022583008	0.0022583008
56_23	1	01001101001111111100000101001110111011100011111100001101	16504	0.50366211	0.50366211
56_23	2	01001101001111111100000101001110111011100011101100001101	1352	0.041259766	0.041259766
56_23	3	01001101001111111100000101001110111011100011111101001101	1054	0.032165527	0.032165527
56_23	4	01001101001111111100000100001110111011100011111100001101	759	0.023162842	0.023162842
56_23	5	01001101001111111100000101001110011011100011111100001101	627	0.019134521	0.019134521
56_23	6	01001101001111111100000101011110111011100011111100001101	610	0.018615723	0.018615723
56_23	7	00001101001111111100000101001110111011100011111100001101	503	0.015350342	0.015350342
56_23	8	01001101000111111100000101001110111011100011111100001101	333	0.010162354	0.010162354
56_23	9	01001101001111011100000100001110111011100011111100001001	306	0.0093383789	0.0093383789
56_23	10	01001101001111111100000101001110111110100011111100001101	299	0.0091247559	0.0091247559
56_23	11	01001101001111111100000101001110111111100011111100001101	286	0.0087280273	0.0087280273
56_23	12	01001101001111011100000101001110111011100011111100001001	279	0.0085144043	0.0085144043
56_23	13	01001101101111111100000101001110111011100011111100001101	279	0.0085144043	0.0085144043
56_23	14	01001101001111111100000101000110111011100011111100001101	278	0.0084838867	0.0084838867
56_23	15	01101101101111111100000101001110111011100011111100001101	273	0.0083312988	0.0083312988
56_23	16	01001101001111111100000101001110111010100011111100001101	270	0.0082397461	0.0082397461
56_23	17	01001101001111111100000001001110111011100011111100001101	269	0.0082092285	0.0082092285
56_23	18	01001101101111111100000101001110111011100111111100001101	248	0.0075683594	0.0075683594
56_23	19	01101101101111111100000101001110111011100111111100001101	241	0.0073547363	0.0073547363
56_23	20	01001101001111111100000101101110111011100011111100001101	201	0.0061340332	0.0061340332
56_24	1	10011001001111101111111011101011101101010011001011110001	3462	0.10565186	0.14555392
56_24	2	10011001001111101111111011101011101101010001001011110001	843	0.025726318	0.035442506
56_24	3	10011001001111101111111011101011101101010011000011110001	648	0.019775391	0.027244061
56_24	4	10011001001111101111111011101011101101010011001010110001	415	0.012664795	0.017447971
56_24	5	10111001001111101111111011101011101101010011001010110001	406	0.012390137	0.017069582
56_24	6	10011001001111101111111011101011101101010011001011110101	326	0.0099487305	0.013706117
56_24	7	10011001011111101111111011101011101101010011001011110001	305	0.0093078613	0.012823208
56_24	8	10011001001111101111111011101011101101010011011011110001	300	0.0091552734	0.012612991
56_24	9	10010001001111101111111011101011101101010011001011110001	287	0.0087585449	0.012066428
56_24	10	10010001001111101111111011101010101101010011001011110001	251	0.0076599121	0.010552869
56_24	11	10011001001111101111111011101011101101010001000011110001	239	0.0072937012	0.01004835
56_24	12	10111001001111101111111011101011101101010011001011110001	227	0.0069274902	0.0095438301
56_24	13	10011001001111101111110011101011101101000011001011110001	221	0.0067443848	0.0092915703
56_24	14	10011001001111101111111011101011101101010011101011100001	199	0.006072998	0.0083666176
56_24	15	10011001001111101111111011101011101101010111001011110001	198	0.0060424805	0.0083245743
56_24	16	10011001001111111111111011101011101101010011011011110001	175	0.0053405762	0.0073575783
56_24	17	10010001001111101111111011101011101101010011101011110001	163	0.0049743652	0.0068530587
56_24	18	10011001001111101111011011101011101101010011001011110001	155	0.0047302246	0.0065167122
56_24	19	10011001001111101111111011101111101101010011001011110001	147	0.004486084	0.0061803658
56_24	20	10001001001111101101111011101011101101010011001011110001	134	0.0040893555	0.0056338028
64_25	1	0011101111110000110110111101011000010000010100110111000001111011	7919	0.2416687	0.26804089
64_25	2	0011101111110010110110111101011000010000010100110111000001110011	1231	0.037567139	0.041666667
64_25	3	0011101111110000110110111101011000010000010100110110000001111011	910	0.027770996	0.030801516
64_25	4	0011101111110000110110011101011000010000010100110111000001111011	610	0.018615723	0.02064717
64_25	5	0011101111110000110110111001011000110000010100110111000001111011	573	0.017486572	0.019394801
64_25	6	0011101111110000110110011101011000010000010100110110000001111011	543	0.016571045	0.018379366
64_25	7	0111101111110000110110111101011000010000010100110111000001111011	492	0.015014648	0.016653128
64_25	8	0111101111110100110110111101011000010000010100110111000001111011	462	0.014099121	0.015637693
64_25	9	0111101111110000110110111101011000010000010100110111001001111011	432	0.013183594	0.014622258
64_25	10	0001101011110000110110111101011000010000010100110111000001111011	416	0.012695312	0.014080693
64_25	11	0011101111110000110010111101011000010000000100110111010001111011	413	0.01260376	0.01397915
64_25	12	0011101111110000111110111101011000010000010100110111000001111011	347	0.0105896	0.011745194
64_25	13	0011101111110010110110111101011000010000010100110111000001111011	292	0.0089111328	0.0098835635
64_25	14	0011101101110000110110111101011000010000010100110111000001111011	227	0.0069274902	0.0076834552
64_25	15	0011101111110010110110111101011000010000010100110111000000111011	221	0.0067443848	0.0074803683
64_25	16	0011100111110000110111111101011000010000010100110111000001111011	220	0.0067138672	0.0074465204
64_25	17	0001101111110000110110111101011000010000010100110111000001111011	212	0.0064697266	0.0071757379
64_25	18	0011101011110000110110111101011000010000010100110111000001111011	212	0.0064697266	0.0071757379
64_25	19	0011101111110000110110111001011000010000010100110111000001111011	200	0.0061035156	0.006769564
64_25	20	0011101111110000110110111101011000010000010100000111000001111011	197	0.0060119629	0.0066680206
64_26	1	0110101010100011010111011000011100010110110110011100011001100110	3368	0.1027832	0.12096398
64_26	2	0110101010100011010111011000011100010110110010011100011001100110	3014	0.09197998	0.10824983
64_26	3	0110111010100011010111011000011101010110110110011100011001100110	902	0.027526855	0.032395934
64_26	4	0110111010100011010111011000011101010110110010011100011001100110	831	0.025360107	0.029845922
64_26	5	0110101010100011010111011000011100010110110111011100011001100110	648	0.019775391	0.023273354
64_26	6	0110101010100011010111011000011100010110110011011100011001100110	565	0.017242432	0.020292354
64_26	7	0110101011100011010111011000011100010110110110011100011001100110	411	0.012542725	0.01476134
64_26	8	0010101010100011010111011000011100010110110111011100011001100110	334	0.010192871	0.011995834
64_26	9	0010101010100011010111011000011100010110110011011100011001100110	320	0.009765625	0.011493014
64_26	10	0110101011100011010111011000011100010110110010011100011001100110	317	0.0096740723	0.011385267
64_26	11	0110101010100011010110011000011100010110110110011100011001100110	311	0.0094909668	0.011169773
64_26	12	0110101010100011010110011000011100010110110010011100011001100110	289	0.0088195801	0.010379629
64_26	13	0110101011100011010111011000011110010110110110011100011001100110	282	0.008605957	0.010128219
64_26	14	0110101011100011010111011000011110010110110010011100011001100110	259	0.0079040527	0.0093021585
64_26	15	0110101010100011010111011000011100010110110000011100011001100110	182	0.0055541992	0.0065366519
64_26	16	0110101010100011010111011000011100010110110100011100011001100110	171	0.0052185059	0.0061415796
64_26	17	0110101010100001010111011000011100010110110110011100011001100110	163	0.0049743652	0.0058542542
64_26	18	0110111010100011010111011000011101010110110011011100011001100110	157	0.0047912598	0.0056387602
64_26	19	0110101000100011010111011000011100010110110110011100011001100110	146	0.0044555664	0.0052436878
64_26	20	0110111010100011010111011000011101010110110111011100011001100110	141	0.0043029785	0.0050641095
8_27	1	11001001	11775	0.28747559	0.28747559
8_27	2	11001011	2616	0.063867188	0.063867188
8_27	3	01011001	1077	0.026293945	0.026293945
8_27	4	01000001	824	0.020117188	0.020117188
8_27	5	11001000	751	0.018334961	0.018334961
8_27	6	11101001	724	0.017675781	0.017675781
8_27	7	11011010	723	0.017651367	0.017651367
8_27	8	01001000	647	0.015795898	0.015795898
8_27	9	01100001	575	0.014038086	0.014038086
8_27	10	11100101	525	0.012817383	0.012817383
8_27	11	11001101	474	0.011572266	0.011572266
8_27	12	01001010	462	0.011279297	0.011279297
8_27	13	00010101	450	0.010986328	0.010986328
8_27	14	11001010	406	0.0099121094	0.0099121094
8_27	15	11011000	403	0.0098388672	0.0098388672
8_27	16	01001001	395	0.0096435547	0.0096435547
8_27	17	10101001	364	0.0088867187	0.0088867187
8_27	18	11011001	351	0.0085693359	0.0085693359
8_27	19	11100111	342	0.0083496094	0.0083496094
8_27	20	11111110	306	0.0074707031	0.0074707031
16_28	1	1101001111011100	14373	0.35090332	0.36128497
16_28	2	1111001111011100	3277	0.080004883	0.082371867
16_28	3	1111001101011100	1612	0.039355469	0.04051982
16_28	4	0111001101011100	1263	0.030834961	0.031747229
16_28	5	1101001111011110	1070	0.026123047	0.02689591
16_28	6	0101001111011100	744	0.018164063	0.018701455
16_28	7	0101001101011100	680	0.016601562	0.017092728
16_28	8	1111001111011110	550	0.013427734	0.013825001
16_28	9	0111001111011100	388	0.0094726562	0.0097529095
16_28	10	1101011111011100	362	0.0088378906	0.009099364
16_28	11	1101001101011100	319	0.0077880859	0.0080185004
16_28	12	1101001111111100	314	0.0076660156	0.0078928185
16_28	13	0101000111011100	206	0.0050292969	0.0051780911
16_28	14	1101001011011100	199	0.0048583984	0.0050021366
16_28	15	1101001111010100	185	0.0045166016	0.0046502275
16_28	16	0101011111011100	175	0.0042724609	0.0043988638
16_28	17	1101001111001110	151	0.0036865234	0.0037955911
16_28	18	1101101111011100	143	0.0034912109	0.0035945002
16_28	19	1111011101011100	141	0.0034423828	0.0035442274
16_28	20	1101011111111100	128	0.003125	0.0032174547
24_29	1	110100010111100001001101	26	0.00063476563	0.0029183971
24_29	2	110100000111100001001001	23	0.00056152344	0.002581659
24_29	3	110110010011101001001001	22	0.00053710938	0.002469413
24_29	4	110100000111100000001001	21	0.00051269531	0.0023571669
24_29	5	010110000011100001101001	20	0.00048828125	0.0022449209
24_29	6	110110010111101001001001	19	0.00046386719	0.0021326748
24_29	7	110110010111100000001001	17	0.00041503906	0.0019081827
24_29	8	110110000111101100001101	17	0.00041503906	0.0019081827
24_29	9	110100000111101001001001	16	0.000390625	0.0017959367
24_29	10	110100010011101001001001	15	0.00036621094	0.0016836906
24_29	11	010110000011100000101001	15	0.00036621094	0.0016836906
24_29	12	110100010111100000001001	15	0.00036621094	0.0016836906
24_29	13	110110010111101000001001	14	0.00034179687	0.0015714446
24_29	14	110100000111100001001101	14	0.00034179687	0.0015714446
24_29	15	110100000011101011001001	13	0.00031738281	0.0014591986
24_29	16	110100000111101101001001	13	0.00031738281	0.0014591986
24_29	17	110110010011100001001101	13	0.00031738281	0.0014591986
24_29	18	110110000111100100001001	13	0.00031738281	0.0014591986
24_29	19	110100000011101001001001	13	0.00031738281	0.0014591986
24_29	20	110100000111101000001001	13	0.00031738281	0.0014591986
32_30	1	10011000010011110111101111010111	657	0.020050049	0.041036852
32_30	2	10011000010011110111001111010111	301	0.009185791	0.01880075
32_30	3	10011000010011110011101111010111	281	0.0085754395	0.01755153
32_30	4	10011000010011110111101111000111	245	0.0074768066	0.015302936
32_30	5	10011000010011110111101110010111	203	0.0061950684	0.012679575
32_30	6	10011000010011110011001111010111	172	0.0052490234	0.010743285
32_30	7	10011000010011110111101111010011	156	0.0047607422	0.0097439101
32_30	8	10011000010011110011101111000111	143	0.0043640137	0.0089319176
32_30	9	10011000010011110111001111000111	133	0.0040588379	0.0083073079
32_30	10	10011000010011110110101111010111	112	0.0034179688	0.0069956277
32_30	11	10011000010011110011101110010111	94	0.0028686523	0.0058713304
32_30	12	10011000010011100111101111010111	92	0.0028076172	0.0057464085
32_30	13	10010000010011110111101111010111	90	0.002746582	0.0056214866
32_30	14	10011000010011111011101111010111	90	0.002746582	0.0056214866
32_30	15	10001000010011110111101111010111	87	0.0026550293	0.0054341037
32_30	16	10011000010010110111101111010111	86	0.0026245117	0.0053716427
32_30	17	10011000010011110111101111000011	84	0.0025634766	0.0052467208
32_30	18	10011000010011110110001111010111	83	0.002532959	0.0051842598
32_30	19	10011000010011110111101110000111	78	0.0023803711	0.004871955
32_30	20	10011000010011110110101110010111	77	0.0023498535	0.0048094941
48_31	1	101100111000101011111111101010111011011000110110	12731	0.38851929	0.39159054
48_31	2	101100111000101011111110101010111011011000110110	1528	0.046630859	0.046999477
48_31	3	101100111000101011111111101110111011011000110110	1178	0.035949707	0.03623389
48_31	4	101100111000101011111111101010110011011000110010	663	0.020233154	0.020393098
48_31	5	101100111000101001111111101000111011111000110110	626	0.019104004	0.019255021
48_31	6	101100111000101001111111101010111011111000110110	576	0.017578125	0.01771708
48_31	7	101100111000101011111111101010111011111000110110	576	0.017578125	0.01771708
48_31	8	101100111000101011111111101000111011111000110110	568	0.017333984	0.01747101
48_31	9	101100110000101011111111101010111011011000110110	543	0.016571045	0.016702039
48_31	10	101101111000101011111011101010111011011001110110	525	0.016021729	0.016148381
48_31	11	101101101000101011111111101010111011011001110110	429	0.013092041	0.013195534
48_31	12	101100111000101011111011101010111011011000110110	385	0.011749268	0.011842146
48_31	13	101100101000101011111111101010111011011000110110	297	0.0090637207	0.0091353696
48_31	14	101100111001001011111111101010111011011000110110	247	0.0075378418	0.0075974286
48_31	15	101100111000101011111111101010111011010000110110	234	0.0071411133	0.0071975639
48_31	16	100100111000101011111111101010111011011000110111	225	0.0068664551	0.0069207345
48_31	17	111100111000101011111111101010111011011000110010	209	0.0063781738	0.0064285934
48_31	18	101100111100101011111111101010111001011000110110	201	0.0061340332	0.0061825228
48_31	19	101100111000101011111111101010111011011000110010	194	0.0059204102	0.0059672111
48_31	20	101100111000101011111111101010111011011000100110	180	0.0054931641	0.0055365876
48_32	1	011101010111011110001110010101010101101110001110	4792	0.14624023	0.17178706
48_32	2	011101010111011110001110010101010111101110001110	1085	0.033111572	0.038895859
48_32	3	011101010110011110001110010101010101101110001110	893	0.027252197	0.032012906
48_32	4	011101010111011110001110010111010101101110001110	745	0.022735596	0.026707295
48_32	5	011101010111011110001110010101110101101110001110	687	0.020965576	0.02462807
48_32	6	011101010111011110001100010101010101101110001110	579	0.017669678	0.020756408
48_32	7	011101110111011110001110010101010101101110001110	562	0.017150879	0.02014698
48_32	8	011101010111011110001110010001010101101110001110	496	0.015136719	0.017780964
48_32	9	011101010111011110001010010101010101101110001110	312	0.0095214844	0.0111848
48_32	10	011101010111011100001110010101010101101110001110	278	0.0084838867	0.0099659437
48_32	11	011101010111011110001110110101010101101110001110	274	0.0083618164	0.0098225488
48_32	12	011101010011011110001110010101010101100110001110	249	0.007598877	0.0089263309
48_32	13	010101011111011110001110010101010100001110001110	230	0.007019043	0.0082452052
48_32	14	011101010110011110001110010101010111101110001110	229	0.0069885254	0.0082093565
48_32	15	011101010111011110001100010101010111101110001110	227	0.0069274902	0.0081376591
48_32	16	011101010111111110001110010101010101101111101110	204	0.0062255859	0.0073131386
48_32	17	011101010111011110001110010101010101101111101110	201	0.0061340332	0.0072055924
48_32	18	011101010111011110001110010111010111101110001110	199	0.006072998	0.007133895
48_32	19	011100010111011110001110010101010101101110001110	182	0.0055541992	0.0065244668
48_32	20	011101010110011110001110010101110101101110001110	162	0.0049438477	0.0058074924
56_33	1	11001001100100001111010100100010010101111111011101010000	1699	0.051849365	0.079802724
56_33	2	10001001100100001111010100100010010101111111011101010000	1197	0.036529541	0.056223579
56_33	3	11001001100100001111010000100010010101111111011101010000	267	0.0081481934	0.012541099
56_33	4	11001001100100001111010100000010010101111111011101010000	251	0.0076599121	0.011789573
56_33	5	11001001100100000111010100100010010101111111011101010000	241	0.0073547363	0.011319868
56_33	6	11000001100100001111000100100010010011111111111001010001	219	0.0066833496	0.010286519
56_33	7	11001001100110001111010100100010010101111111011101010000	219	0.0066833496	0.010286519
56_33	8	11001001100100001111010100100010010101111111011101110000	218	0.006652832	0.010239549
56_33	9	10000001100100001111000100100010010011111111111001010001	188	0.0057373047	0.0088304368
56_33	10	11001001100100001111010100100010010101111111011001010000	180	0.0054931641	0.0084546736
56_33	11	10001001100100001111010100000010010101111111011101010000	180	0.0054931641	0.0084546736
56_33	12	11001001100100001111010100100010011101111111011101010000	176	0.0053710938	0.0082667919
56_33	13	11001001100100001111010100100110010001111111011101010000	173	0.005279541	0.0081258807
56_33	14	10001001100100000111010100100010010101111111011101010000	172	0.0052490234	0.0080789103
56_33	15	11001001100110001111010000100010010101111111011101010000	169	0.0051574707	0.0079379991
56_33	16	11001001000100001111010100100010010101111111011101110000	163	0.0049743652	0.0076561766
56_33	17	10001001100110001111010100100010010101111111011101010000	153	0.0046691895	0.0071864725
56_33	18	11000001100100001111000100100010010001111111111001010001	149	0.0045471191	0.0069985909
56_33	19	10001001100100001111010100100010011101111111011101010000	143	0.0043640137	0.0067167684
56_33	20	10001001100100001111010000100010010101111111011101010000	142	0.0043334961	0.006669798
64_34	1	0011010100010011001110101110100101101011001011011001111011100110	4878	0.17013114	0.1867892
64_34	2	0011010100010011001110101110100101001011001011011001111011100110	3347	0.1167341	0.12816389
64_34	3	0011010100010011001110101110100101101011001011011000111011100010	704	0.024553571	0.026957687
64_34	4	0011010100010011001110101111100101101011001011011001111011100110	628	0.021902902	0.024047482
64_34	5	0011010100010011001110101111100101001011001011011001111011100110	570	0.019880022	0.021826536
64_34	6	0011010100010011001110101110100101001011001011011000111011100010	476	0.016601562	0.018227073
64_34	7	0011010100010011101110101110100101001011001011011001111011100110	383	0.01335798	0.014665901
64_34	8	0011010100010011101110101110100101101011001011011001111011100110	341	0.011893136	0.01305763
64_34	9	0011010100010011001110101110100101101011001001011001111011100110	334	0.011648996	0.012789585
64_34	10	0011010100010011001110100110100101101011001011011001011011100110	283	0.0098702567	0.010836684
64_34	11	0011110100010011001110101110100101001011001011011001111011100110	282	0.0098353795	0.010798392
64_34	12	0011010100010011001110101110100101101011001011111001111011100110	280	0.009765625	0.010721807
64_34	13	0011110100010011001110101110100101101011001011011001111011100110	274	0.0095563616	0.010492054
64_34	14	0010010100010011001110101110100101101011001011011001111011100110	259	0.0090332031	0.0099176718
64_34	15	0011010100010011001110101110100101101111001011011001111011100110	251	0.0087541853	0.0096113345
64_34	16	0011010100011011001110101110100101001011001011011001111011100110	234	0.0081612723	0.0089603676
64_34	17	0011010100011011001110101110100101101011001011011001111011100110	222	0.0077427455	0.0085008616
64_34	18	0011010100010011001110101110100101001011001001011001111011100110	215	0.0074986049	0.0082328164
64_34	19	0010010100010011001110101110100101001011001011011001111011100110	205	0.0071498326	0.0078498947
64_34	20	0011010100010011001110100110100101001011001011011001011011100110	181	0.006312779	0.0069308826
40_35	1	0000110110011010000100001100100110011011	3	1.7438616e-05	0.00018731269
40_35	2	0001000110111111101100000101001110001000	3	1.7438616e-05	0.00018731269
40_35	3	0000101111101110010000110101101010001001	3	1.7438616e-05	0.00018731269
40_35	4	0001000110111110111100100001010110101101	3	1.7438616e-05	0.00018731269
40_35	5	0101000111110111111000111001000100001001	3	1.7438616e-05	0.00018731269
40_35	6	0000000011100101001111011101111110101000	2	1.1625744e-05	0.00012487512
40_35	7	0000000011110101111111011110101100111000	2	1.1625744e-05	0.00012487512
40_35	8	0000000100011000000000111001110100111000	2	1.1625744e-05	0.00012487512
40_35	9	0000000100101010011101000001001011011000	2	1.1625744e-05	0.00012487512
40_35	10	0000000110001000000100010011011011111001	2	1.1625744e-05	0.00012487512
40_35	11	0000000110001101101100101101000100101001	2	1.1625744e-05	0.00012487512
40_35	12	0000000110010011110000111101011100001000	2	1.1625744e-05	0.00012487512
40_35	13	0000000110100011111000010100010000101000	2	1.1625744e-05	0.00012487512
40_35	14	0000000110101110010111100111001110101001	2	1.1625744e-05	0.00012487512
40_35	15	0000000110110101100101111010001000011100	2	1.1625744e-05	0.00012487512
40_35	16	0000000110111101000000000111011010111001	2	1.1625744e-05	0.00012487512
40_35	17	0000000111011111010000111011101100101011	2	1.1625744e-05	0.00012487512
40_35	18	0000000111100101100110101101001000011001	2	1.1625744e-05	0.00012487512
40_35	19	0000000111100110000000111100001100011000	2	1.1625744e-05	0.00012487512
40_35	20	0000000111100111010010110001000100000000	2	1.1625744e-05	0.00012487512
48_36	1	000111011011001100010001001000101001100010111000	6	1.7863948e-05	0.00036803042
48_36	2	000111011011001100110001001000101001100010111000	5	1.4886623e-05	0.00030669202
48_36	3	000111011010001100010011000000101001101010111000	4	1.1909299e-05	0.00024535362
48_36	4	000111011011001100110001001000101001100010111001	4	1.1909299e-05	0.00024535362
48_36	5	000111011011001100110011001000101001100010111000	4	1.1909299e-05	0.00024535362
48_36	6	000111001010001101010001001000101001101010111100	3	8.9319741e-06	0.00018401521
48_36	7	000101011010001000010001001001001001101000111000	3	8.9319741e-06	0.00018401521
48_36	8	000110001010001100010001101100101011101010101100	3	8.9319741e-06	0.00018401521
48_36	9	000101011011001000010011000000101001101010111000	3	8.9319741e-06	0.00018401521
48_36	10	000111011010001100010001001000101001100010111000	3	8.9319741e-06	0.00018401521
48_36	11	000111011010001100110011001000101001100010111000	3	8.9319741e-06	0.00018401521
48_36	12	000111011010101100110011001000101001100010111000	3	8.9319741e-06	0.00018401521
48_36	13	000111011011001100110010001000101001101010111000	3	8.9319741e-06	0.00018401521
48_36	14	000111011011001100111001001000101001101010111001	3	8.9319741e-06	0.00018401521
48_36	15	000111011011101100010001001000101001101010111000	3	8.9319741e-06	0.00018401521
48_36	16	000101011011101000010001001000101001101010111001	3	8.9319741e-06	0.00018401521
48_36	17	000101011011101100010001000000001001101010111000	3	8.9319741e-06	0.00018401521
48_36	18	000111011010001100010001001000101001101010111000	3	8.9319741e-06	0.00018401521
48_36	19	000111011011101100110001001000101001101010111000	3	8.9319741e-06	0.00018401521
48_36	20	000000000010001101010011100101101000101010101100	2	5.9546494e-06	0.00012267681
48_37	1	000001111110001100000000100100001011011001110010	3	5.2315848e-05	0.00025
48_37	2	000101011110001100011110110110000001110001001010	3	5.2315848e-05	0.00025
48_37	3	000001111110101111011111100100000011110010001011	3	5.2315848e-05	0.00025
48_37	4	000011111110101100011100110110000011010001011010	3	5.2315848e-05	0.00025
48_37	5	000100011110011111011110100110011010000000001011	3	5.2315848e-05	0.00025
48_37	6	000100011111101101010101111100000010010100001010	3	5.2315848e-05	0.00025
48_37	7	000101001110011101011110100010001101100001101011	3	5.2315848e-05	0.00025
48_37	8	000101011110001101011110100100001001000101011011	3	5.2315848e-05	0.00025
48_37	9	000000000110111011011000111110001010101100000010	2	3.4877232e-05	0.00016666667
48_37	10	000000001000011101101100101110101011010000101011	2	3.4877232e-05	0.00016666667
48_37	11	000000001110101010010100101111001000000000101110	2	3.4877232e-05	0.00016666667
48_37	12	000000001110101011011000100100001001101101000110	2	3.4877232e-05	0.00016666667
48_37	13	000000001110101101001101100110110011010010101010	2	3.4877232e-05	0.00016666667
48_37	14	000000001110101101010110101010000000100000111011	2	3.4877232e-05	0.00016666667
48_37	15	000000001110111011000110110010000001100101101111	2	3.4877232e-05	0.00016666667
48_37	16	000000001110111101001110111110101110000001101010	2	3.4877232e-05	0.00016666667
48_37	17	000000001110111101010100110100000100000001011010	2	3.4877232e-05	0.00016666667
48_37	18	000000001110111111011010110100001001100000001010	2	3.4877232e-05	0.00016666667
48_37	19	000000001111101101000000111110001001101100010001	2	3.4877232e-05	0.00016666667
48_37	20	000000010110101101111100111100001001110001101011	2	3.4877232e-05	0.00016666667
56_38	1	00000000011000100110010011101100010000010000100100110101	2	4.8828125e-05	0.00025
56_38	2	00000000100000010110100011100000000000111001101101010001	2	4.8828125e-05	0.00025
56_38	3	00000000110100000001011001100100000011110010100010101101	2	4.8828125e-05	0.00025
56_38	4	00000000110101010110101011011100000001110110001011110111	2	4.8828125e-05	0.00025
56_38	5	00000001001101000110100011110000000001010010001111010001	2	4.8828125e-05	0.00025
56_38	6	00000001010011101100011111010111100101110110110110010101	2	4.8828125e-05	0.00025
56_38	7	00000001011000111011110001101000001101101100000010010101	2	4.8828125e-05	0.00025
56_38	8	00000010010100000011011101101010000011000100101011101101	2	4.8828125e-05	0.00025
56_38	9	00000010100110101001110001100111000000111100000011110001	2	4.8828125e-05	0.00025
56_38	10	00000010110010011100110011010110000000110100000011100001	2	4.8828125e-05	0.00025
56_38	11	00000011101101100011010011110110000110111101001110111011	2	4.8828125e-05	0.00025
56_38	12	00000011101110101100101011111000001100111110000111110101	2	4.8828125e-05	0.00025
56_38	13	00000100001010100101000010101010001001011100100111110001	2	4.8828125e-05	0.00025
56_38	14	00000100001100101101111011111100010101111011000101010111	2	4.8828125e-05	0.00025
56_38	15	00000100010010100000110101100010110001011110101111100001	2	4.8828125e-05	0.00025
56_38	16	00000100011000000000001101010010001001110000001110100001	2	4.8828125e-05	0.00025
56_38	17	00000100100101000011001101110101001111001100100000001001	2	4.8828125e-05	0.00025
56_38	18	00000100101000000011110001101010000111101000000100010001	2	4.8828125e-05	0.00025
56_38	19	00000100101001010110100010111001010001010010101101000101	2	4.8828125e-05	0.00025
56_38	20	00000100101001100011010101010111010101011011010110010001	2	4.8828125e-05	0.00025
56_39	1	10010111001101011101101111010111110000110000101001010000	6	0.00014648437	0.00073430425
56_39	2	10010111101101010101101111010110110100110000111001010000	6	0.00014648437	0.00073430425
56_39	3	10010111001101010101101111010110110100110000101001010000	5	0.00012207031	0.00061192021
56_39	4	10010111001101011101101111010100110100110000111001010000	5	0.00012207031	0.00061192021
56_39	5	10000111001101010101111111010110110101110000111001010000	5	0.00012207031	0.00061192021
56_39	6	10000111101101010101101111010110110100110000111001010000	5	0.00012207031	0.00061192021
56_39	7	10010111001101010101111111010110110101110000111001010000	5	0.00012207031	0.00061192021
56_39	8	10010111001101010101101111010110110110110000111001010010	4	9.765625e-05	0.00048953616
56_39	9	10010111101000010101111111010110111110110001111001010000	4	9.765625e-05	0.00048953616
56_39	10	10010111101100010101111111010111110100110001111001010000	4	9.765625e-05	0.00048953616
56_39	11	10010111101101000101101111010110011100110000101001000000	4	9.765625e-05	0.00048953616
56_39	12	10010111101101011101111111010111110100110000101001010000	4	9.765625e-05	0.00048953616
56_39	13	10011111101101010101101111010111110111010000101001000000	4	9.765625e-05	0.00048953616
56_39	14	10011111101101010101111111010110110100110001101001010000	4	9.765625e-05	0.00048953616
56_39	15	10000111101101010101111101010110110100110000101001010000	4	9.765625e-05	0.00048953616
56_39	16	10010111001101010101111111010110110100110000101001010000	4	9.765625e-05	0.00048953616
56_39	17	10011111101101010101111111010110111101110000101001010000	4	9.765625e-05	0.00048953616
56_39	18	10010111101101010101111111010110110101110000111001010000	4	9.765625e-05	0.00048953616
56_39	19	10000111001101010001111111010110110101110000101001000000	3	7.3242187e-05	0.00036715212
56_39	20	10000111001101010101101111010110111100110000111001010010	3	7.3242187e-05	0.00036715212
104_49	1	00000000010100100001000111001001001111001001111000001000000101101101011110011101000001011000001100010011	1	0.00032552083	0.00032552083
104_49	2	00000000100101100000000101010101011000100111011000100001001101101001111011111100111101111010000010010101	1	0.00032552083	0.00032552083
104_49	3	00000001001110110101110000101100101100001111101110100101000001111100101110111100111111011010010100001010	1	0.00032552083	0.00032552083
104_49	4	00000001010001000100010000011100000101110011110000111110011000111000101000110101001010101110111000111110	1	0.00032552083	0.00032552083
104_49	5	00000001011000110000110001011000000101110000101110111111001010110000111110110101001011001000110001110000	1	0.00032552083	0.00032552083
104_49	6	00000001100001101100111100110101010101010011101110110100001100000000111100010100011000010000111001111111	1	0.00032552083	0.00032552083
104_49	7	00000001100100100100110110111100000111111111100010001101001010111010011011111110100000011101111001101000	1	0.00032552083	0.00032552083
104_49	8	00000001101110111100101100001101010101011011101001100011011110100100011111110101100011001001010101000001	1	0.00032552083	0.00032552083
104_49	9	00000001110001110101110110001010010001011011111000111101001111101000001100111101000110100001101110110100	1	0.00032552083	0.00032552083
104_49	10	00000001110010100100110000101101000110110011001000010011011101101101011010111100001001111001101100011111	1	0.00032552083	0.00032552083
104_49	11	00000001110110111101000010011101000110010011010010001111000001101010011111110101100001011111111000110010	1	0.00032552083	0.00032552083
104_49	12	00000010100111100001110110111001101110001110111001000111001110111111111011111000110001111000111001110000	1	0.00032552083	0.00032552083
104_49	13	00000011000000111100110101101000010010001111101100111111001100110001010110111100111101011101001000111010	1	0.00032552083	0.00032552083
104_49	14	00000011000000111101011000101001100010100100101010000011001111001110111111111101101111111001100101010101	1	0.00032552083	0.00032552083
104_49	15	00000011001100100001000000011111100001011111100000000110001001001111111110111101110000011001011101110001	1	0.00032552083	0.00032552083
104_49	16	00000011010110100101100100100101001100011011101010000011001001101001111110011101101010001011010011010100	1	0.00032552083	0.00032552083
104_49	17	00000011011000100100010011111101100010101010011100001101001001101100111110101111100011101000010000100011	1	0.00032552083	0.00032552083
104_49	18	00000011101000101000110000110101000100101011100010101110001101101000011110111100111100011011111101110011	1	0.00032552083	0.00032552083
104_49	19	00000011101110110100001110111001000110110011100010001101011110101101001111010001011101011001111111010010	1	0.00032552083	0.00032552083
104_49	20	00000101000100101000110010101100000101110011000110001011001010111000011001111001100101011011001011100000	1	0.00032552083	0.00032552083
